Molecule,Ref. Freq,Natty Freq,Ref - Nat,Redundant Freq,Ref - Redundant,Nat - Redundant
62_HOOH,372.1685823479579,372.5044433527242,-0.33586100476628644,372.50444335272357,-0.33586100476566116,6.252776074688882e-13
,911.7945698431586,911.9292140126197,-0.13464416946112578,911.9292140126178,-0.1346441694591931,1.9326762412674725e-12
,1323.6358168688278,1323.7223876871446,-0.08657081831688629,1323.7223876871437,-0.0865708183159768,9.094947017729282e-13
,1435.9793975838281,1435.89095086457,0.08844671925817238,1435.8909508645697,0.08844671925839975,2.2737367544323206e-13
,3807.9103609232293,3807.923358286246,-0.01299736301689336,3807.9233582862466,-0.012997363017348107,-4.547473508864641e-13
,3809.2869362997944,3809.267834103203,0.019102196591575193,3809.2678341032,0.019102196594303678,2.7284841053187847e-12
,,,,,,
,,,,,,
,,,,,,
