Molecule,Ref. Freq,Natty Freq,Ref - Nat,Redundant Freq,Ref - Redundant,Nat - Redundant
20_CH2O,1192.1926980185963,1192.1926980185963,0.0,1192.192698018593,3.183231456205249e-12,3.183231456205249e-12
,1274.8761079322924,1274.8802756145883,-0.004167682295928898,1274.880275614588,-0.004167682295701525,2.2737367544323206e-13
,1543.2070272633541,1542.8463453121874,0.3606819511667254,1542.8463453121922,0.36068195116195056,-4.774847184307873e-12
,1780.7645301354416,1781.2983050646271,-0.5337749291854834,1781.2983050646253,-0.5337749291836644,1.8189894035458565e-12
,2929.2254880026026,2929.228779384463,-0.0032913818604356493,2929.228779384462,-0.0032913818595261546,9.094947017729282e-13
,2995.8489920700376,2995.8531160600733,-0.004123990035623137,2995.853116060076,-0.0041239900383516215,-2.7284841053187847e-12
,,,,,,
,,,,,,
,,,,,,
