Molecule,Ref. Freq,Natty Freq,Ref - Nat,Redundant Freq,Ref - Redundant,Nat - Redundant
54_PF3,204.47909555666877,1687.6389981404864,-1483.1599025838177,1687.638045124148,-1483.1589495674793,0.0009530163383715262
,886.050602370958,1899.5226642459972,-1013.4720618750392,1899.5122085800674,-1013.4616062091094,0.010455665929839597
,1383.828031870262,2032.912333715986,-649.084301845724,2032.2937530161673,-648.4657211459053,0.6185806998187218
,2418.4497701518767,2110.4547299298138,307.9950402220629,2110.455665003534,307.9941051483429,-0.0009350737200293224
,2729.494127554843,2249.6909685482783,479.8031590065648,2249.6766900774637,479.81743747737937,0.014278470814588218
,3107.5299930564056,2364.1631737175217,743.3668193388839,2365.5938394634854,741.9361535929202,-1.430665745963779
,,,,,,
,,,,,,
,,,,,,
