   26   78
        0.5827037907        0.0022747183        0.0000000000
       -0.1409908981        0.0564377824       -0.0000000000
       -0.1329849753       -0.0538517880        0.0000000000
        0.0185874426       -0.0160407192        0.0000000005
        0.0183395808        0.0193751765       -0.0000000000
       -0.0053252440       -0.0042368294        0.0000000000
       -0.0053266982        0.0045030881       -0.0000000000
        0.0017972231       -0.0015104145        0.0000000000
       -0.1434737034       -0.0032216100        0.1149336062
       -0.1434737034       -0.0032216106       -0.1149336062
       -0.0136676956        0.0180129568        0.0002852006
       -0.0136676956        0.0180129579       -0.0002852006
       -0.0122216826       -0.0189219570        0.0002772235
       -0.0122216826       -0.0189219570       -0.0002772224
        0.0001175601       -0.0006084996        0.0002729306
        0.0001175607       -0.0006084996       -0.0002729305
        0.0001840290        0.0004742794       -0.0002319468
        0.0001840285        0.0004742794        0.0002319468
        0.0001496462        0.0001750329       -0.0003879251
        0.0001496463        0.0001750329        0.0003879251
        0.0001671528       -0.0001895985        0.0003741777
        0.0001671523       -0.0001895979       -0.0003741771
       -0.0000303019        0.0000857002        0.0000944857
       -0.0000303014        0.0000857008       -0.0000944863
        0.0010947946        0.0022354293        0.0000000000
       -0.0003475339       -0.0007992326        0.0000000000
        0.0022747183        0.5274198415        0.0000000000
        0.0564377821       -0.1674179785        0.0000000001
       -0.0538301946       -0.1759553760        0.0000000001
        0.0198569274       -0.0312004582       -0.0000000003
       -0.0160491452       -0.0307846081        0.0000000001
       -0.0043241903       -0.0028595467        0.0000000000
        0.0038822988       -0.0027085393        0.0000000000
        0.0014749185       -0.0008008274        0.0000000000
       -0.0032055159       -0.0594955625        0.0043469401
       -0.0032055159       -0.0594955621       -0.0043469402
       -0.0002215553        0.0000507453       -0.0002732676
       -0.0002215554        0.0000507448        0.0002732674
       -0.0006850553       -0.0013497939        0.0003101448
       -0.0006850554       -0.0013497940       -0.0003101453
        0.0012114591        0.0019272779       -0.0003111698
        0.0012114587        0.0019272779        0.0003111698
       -0.0013646107        0.0018774872       -0.0003364396
       -0.0013646103        0.0018774870        0.0003364395
        0.0001362367       -0.0000707612       -0.0002749590
        0.0001362365       -0.0000707611        0.0002749593
       -0.0000671950       -0.0000970493       -0.0002076635
       -0.0000671946       -0.0000970496        0.0002076631
       -0.0000223121        0.0000548984        0.0000649591
       -0.0000223123        0.0000548979       -0.0000649588
       -0.0009762876       -0.0010177617        0.0000000000
       -0.0003093020       -0.0004687501       -0.0000000000
        0.0000000000        0.0000000000        0.6258242000
        0.0000000000        0.0000000000       -0.0929071092
        0.0000000000        0.0000000000       -0.0930903715
        0.0000000000        0.0000000000       -0.0001823696
        0.0000000000        0.0000000000       -0.0001813423
        0.0000000000        0.0000000000       -0.0009766477
        0.0000000000       -0.0000000000       -0.0008241874
        0.0000000000        0.0000000000        0.0007506726
        0.1126310472        0.0042831199       -0.2198260169
       -0.1126310472       -0.0042831199       -0.2198260169
       -0.0197722343        0.0261975061        0.0000341427
        0.0197722343       -0.0261975061        0.0000341427
       -0.0177026706       -0.0275957670        0.0000542411
        0.0177026706        0.0275957670        0.0000542411
       -0.0000158237        0.0010635989       -0.0002697737
        0.0000158237       -0.0010635989       -0.0002697737
       -0.0000681563        0.0010574942       -0.0002706159
        0.0000681563       -0.0010574942       -0.0002706159
       -0.0003145043        0.0000451632        0.0004148324
        0.0003145043       -0.0000451632        0.0004148324
        0.0002603518        0.0000988462        0.0003777786
       -0.0002603518       -0.0000988461        0.0003777785
       -0.0000532165       -0.0000835945       -0.0000431938
        0.0000532165        0.0000835945       -0.0000431939
        0.0000000000       -0.0000000000        0.0006587874
        0.0000000000        0.0000000000       -0.0000180411
       -0.1409908981        0.0564377821        0.0000000000
        0.5827037896        0.0022747191        0.0000000000
        0.0185874411       -0.0160407205        0.0000000000
       -0.1329849752       -0.0538517879       -0.0000000005
       -0.0053252431       -0.0042368289        0.0000000000
        0.0183395809        0.0193751756        0.0000000000
        0.0017972233       -0.0015104146        0.0000000000
       -0.0053266983        0.0045030879        0.0000000000
       -0.0136676952        0.0180129569       -0.0002852011
       -0.0136676952        0.0180129575        0.0002852010
       -0.1434737037       -0.0032216102       -0.1149336067
       -0.1434737037       -0.0032216113        0.1149336067
        0.0001175602       -0.0006084995       -0.0002729311
        0.0001175601       -0.0006084994        0.0002729301
       -0.0122216828       -0.0189219571       -0.0002772229
       -0.0122216833       -0.0189219571        0.0002772229
        0.0001496464        0.0001750329        0.0003879253
        0.0001496469        0.0001750329       -0.0003879253
        0.0001840290        0.0004742795        0.0002319469
        0.0001840290        0.0004742795       -0.0002319468
       -0.0000303016        0.0000857002       -0.0000944867
       -0.0000303011        0.0000856996        0.0000944861
        0.0001671536       -0.0001895983       -0.0003741774
        0.0001671531       -0.0001895990        0.0003741780
       -0.0003475333       -0.0007992320        0.0000000000
        0.0010947951        0.0022354300        0.0000000000
        0.0564377824       -0.1674179785        0.0000000000
        0.0022747191        0.5274198419       -0.0000000001
        0.0198569278       -0.0312004587       -0.0000000001
       -0.0538301942       -0.1759553751        0.0000000003
       -0.0043241905       -0.0028595469       -0.0000000001
       -0.0160491453       -0.0307846078        0.0000000000
        0.0014749183       -0.0008008270       -0.0000000000
        0.0038822988       -0.0027085395        0.0000000000
       -0.0002215551        0.0000507453        0.0002732675
       -0.0002215551        0.0000507450       -0.0002732674
       -0.0032055158       -0.0594955625       -0.0043469400
       -0.0032055157       -0.0594955620        0.0043469402
        0.0012114589        0.0019272778        0.0003111700
        0.0012114589        0.0019272778       -0.0003111694
       -0.0006850554       -0.0013497941       -0.0003101451
       -0.0006850550       -0.0013497941        0.0003101451
        0.0001362366       -0.0000707612        0.0002749592
        0.0001362363       -0.0000707612       -0.0002749591
       -0.0013646107        0.0018774872        0.0003364393
       -0.0013646104        0.0018774871       -0.0003364396
       -0.0000223123        0.0000548984       -0.0000649588
       -0.0000223126        0.0000548987        0.0000649592
       -0.0000671951       -0.0000970493        0.0002076633
       -0.0000671950       -0.0000970488       -0.0002076635
       -0.0003093021       -0.0004687505        0.0000000000
       -0.0009762879       -0.0010177618        0.0000000000
       -0.0000000000        0.0000000001       -0.0929071092
        0.0000000000       -0.0000000001        0.6258242002
       -0.0000000001        0.0000000002       -0.0001823696
        0.0000000001       -0.0000000002       -0.0930903715
       -0.0000000000       -0.0000000001       -0.0009766477
        0.0000000001        0.0000000001       -0.0001813423
        0.0000000001       -0.0000000003        0.0007506726
       -0.0000000001        0.0000000003       -0.0008241874
        0.0197722343       -0.0261975061        0.0000341428
       -0.0197722343        0.0261975061        0.0000341428
       -0.1126310473       -0.0042831199       -0.2198260169
        0.1126310473        0.0042831199       -0.2198260170
        0.0000158238       -0.0010635989       -0.0002697737
       -0.0000158237        0.0010635989       -0.0002697738
        0.0177026705        0.0275957670        0.0000542412
       -0.0177026706       -0.0275957670        0.0000542411
        0.0003145043       -0.0000451632        0.0004148325
       -0.0003145042        0.0000451632        0.0004148324
        0.0000681562       -0.0010574943       -0.0002706159
       -0.0000681564        0.0010574942       -0.0002706160
        0.0000532165        0.0000835945       -0.0000431939
       -0.0000532165       -0.0000835945       -0.0000431938
       -0.0002603518       -0.0000988462        0.0003777785
        0.0002603518        0.0000988461        0.0003777786
       -0.0000000001        0.0000000002       -0.0000180411
        0.0000000001       -0.0000000002        0.0006587874
       -0.1329849753       -0.0538301946        0.0000000000
        0.0185874411        0.0198569278       -0.0000000001
        0.5831952459        0.0027837771        0.0000000000
       -0.0060821120        0.0041234853       -0.0000000009
       -0.1406450262        0.0572929008       -0.0000000001
        0.0020326338        0.0015549542        0.0000000000
        0.0170562905       -0.0170728158       -0.0000000000
       -0.0007242744        0.0005037891        0.0000000000
       -0.0122558432       -0.0189400723       -0.0002778413
       -0.0122558432       -0.0189400716        0.0002778414
        0.0001773311        0.0004730255       -0.0002471039
        0.0001773311        0.0004730238        0.0002471039
       -0.1433306284       -0.0033489060       -0.1148873934
       -0.1433306284       -0.0033489060        0.1148873917
        0.0001735382       -0.0001513017       -0.0004128093
        0.0001735373       -0.0001513017        0.0004128093
       -0.0138753554        0.0181480894        0.0001845888
       -0.0138753545        0.0181480894       -0.0001845887
       -0.0000153767       -0.0000694418        0.0001043996
       -0.0000153766       -0.0000694418       -0.0001043997
        0.0002817525       -0.0004959062       -0.0000970920
        0.0002817534       -0.0004959069        0.0000970912
        0.0000334154       -0.0000221335       -0.0000386376
        0.0000334144       -0.0000221342        0.0000386383
       -0.0029304389       -0.0067565852        0.0000000000
        0.0001148275        0.0003558769        0.0000000000
       -0.0538517880       -0.1759553760        0.0000000000
       -0.0160407205       -0.0312004587        0.0000000002
        0.0027837771        0.5279101733        0.0000000001
        0.0041234857       -0.0023199546       -0.0000000003
        0.0561103170       -0.1668470602        0.0000000002
       -0.0013914918       -0.0006690006       -0.0000000000
        0.0193004378       -0.0322356737        0.0000000000
        0.0004165662       -0.0003218592        0.0000000000
       -0.0006895783       -0.0013355316       -0.0002845497
       -0.0006895783       -0.0013355310        0.0002845495
       -0.0013544623        0.0018731384       -0.0003387728
       -0.0013544624        0.0018731378        0.0003387725
       -0.0033109017       -0.0595328168       -0.0044296618
       -0.0033109017       -0.0595328168        0.0044296611
       -0.0001163139       -0.0000946561        0.0002447442
       -0.0001163143       -0.0000946561       -0.0002447442
       -0.0000687384       -0.0000382727       -0.0002044158
       -0.0000687381       -0.0000382729        0.0002044156
        0.0000209064        0.0000438036       -0.0000647779
        0.0000209060        0.0000438038        0.0000647782
        0.0012544142        0.0020998225        0.0002814568
        0.0012544147        0.0020998221       -0.0002814574
       -0.0000007407        0.0000186230        0.0000204887
       -0.0000007408        0.0000186222       -0.0000204883
       -0.0028363198       -0.0042875794        0.0000000000
       -0.0000830206       -0.0001409560       -0.0000000000
        0.0000000000        0.0000000001       -0.0930903715
        0.0000000000       -0.0000000001       -0.0001823696
        0.0000000000        0.0000000001        0.6254953718
       -0.0000000000       -0.0000000001       -0.0009638814
        0.0000000000       -0.0000000001       -0.0932905351
        0.0000000000        0.0000000001        0.0007809401
       -0.0000000000        0.0000000000        0.0004905448
        0.0000000000        0.0000000000       -0.0000434276
        0.0177525876        0.0276274284        0.0000378553
       -0.0177525877       -0.0276274284        0.0000378553
       -0.0000653814        0.0010687085       -0.0002724810
        0.0000653815       -0.0010687085       -0.0002724811
       -0.1125882708       -0.0043217111       -0.2195886717
        0.1125882707        0.0043217111       -0.2195886717
       -0.0003053387       -0.0000670052        0.0004104320
        0.0003053388        0.0000670052        0.0004104320
       -0.0200673829        0.0263052039       -0.0000801529
        0.0200673829       -0.0263052038       -0.0000801529
       -0.0000547500        0.0000766032       -0.0000471738
        0.0000547500       -0.0000766032       -0.0000471738
        0.0002070942       -0.0012106240       -0.0001683090
       -0.0002070942        0.0012106240       -0.0001683090
        0.0000118506       -0.0000016059        0.0000029912
       -0.0000118506        0.0000016059        0.0000029912
        0.0000000000       -0.0000000000        0.0002084552
       -0.0000000000        0.0000000000        0.0000027048
        0.0185874426        0.0198569274        0.0000000000
       -0.1329849752       -0.0538301942        0.0000000001
       -0.0060821120        0.0041234857       -0.0000000000
        0.5831952474        0.0027837785        0.0000000009
        0.0020326334        0.0015549548        0.0000000001
       -0.1406450275        0.0572929000        0.0000000000
       -0.0007242743        0.0005037890        0.0000000000
        0.0170562903       -0.0170728159        0.0000000000
        0.0001773315        0.0004730255        0.0002471035
        0.0001773315        0.0004730248       -0.0002471036
       -0.0122558435       -0.0189400724        0.0002778408
       -0.0122558435       -0.0189400707       -0.0002778409
        0.0001735381       -0.0001513016        0.0004128100
        0.0001735381       -0.0001513016       -0.0004128083
       -0.1433306285       -0.0033489061        0.1148873924
       -0.1433306276       -0.0033489061       -0.1148873924
       -0.0000153765       -0.0000694418       -0.0001043994
       -0.0000153774       -0.0000694419        0.0001043993
       -0.0138753553        0.0181480894       -0.0001845886
       -0.0138753554        0.0181480895        0.0001845886
        0.0000334143       -0.0000221334        0.0000386380
        0.0000334134       -0.0000221327       -0.0000386372
        0.0002817519       -0.0004959060        0.0000970909
        0.0002817529       -0.0004959053       -0.0000970917
        0.0001148267        0.0003558758        0.0000000000
       -0.0029304398       -0.0067565859       -0.0000000000
       -0.0160407192       -0.0312004582        0.0000000000
       -0.0538517879       -0.1759553751       -0.0000000002
        0.0041234853       -0.0023199546       -0.0000000001
        0.0027837785        0.5279101734        0.0000000003
       -0.0013914915       -0.0006690001       -0.0000000002
        0.0561103164       -0.1668470612        0.0000000000
        0.0004165662       -0.0003218592       -0.0000000000
        0.0193004376       -0.0322356733        0.0000000000
       -0.0013544618        0.0018731384        0.0003387721
       -0.0013544618        0.0018731379       -0.0003387719
       -0.0006895784       -0.0013355317        0.0002845496
       -0.0006895783       -0.0013355311       -0.0002845493
       -0.0001163141       -0.0000946562       -0.0002447441
       -0.0001163141       -0.0000946561        0.0002447447
       -0.0033109020       -0.0595328170        0.0044296615
       -0.0033109016       -0.0595328170       -0.0044296616
        0.0000209064        0.0000438036        0.0000647786
        0.0000209060        0.0000438038       -0.0000647784
       -0.0000687387       -0.0000382726        0.0002044157
       -0.0000687383       -0.0000382728       -0.0002044161
       -0.0000007411        0.0000186229       -0.0000204886
       -0.0000007416        0.0000186234        0.0000204892
        0.0012544143        0.0020998224       -0.0002814576
        0.0012544144        0.0020998232        0.0002814571
       -0.0000830208       -0.0001409562        0.0000000000
       -0.0028363201       -0.0042875795        0.0000000000
        0.0000000005       -0.0000000003       -0.0001823696
       -0.0000000005        0.0000000003       -0.0930903715
       -0.0000000009       -0.0000000003       -0.0009638814
        0.0000000009        0.0000000003        0.6254953715
        0.0000000004        0.0000000006        0.0007809401
       -0.0000000004       -0.0000000006       -0.0932905351
        0.0000000002       -0.0000000003       -0.0000434276
       -0.0000000002        0.0000000003        0.0004905449
        0.0000653818       -0.0010687085       -0.0002724815
       -0.0000653811        0.0010687086       -0.0002724806
       -0.0177525880       -0.0276274285        0.0000378548
        0.0177525873        0.0276274283        0.0000378557
        0.0003053389        0.0000670053        0.0004104320
       -0.0003053387       -0.0000670051        0.0004104320
        0.1125882706        0.0043217110       -0.2195886717
       -0.1125882708       -0.0043217112       -0.2195886716
        0.0000547502       -0.0000766032       -0.0000471735
       -0.0000547498        0.0000766032       -0.0000471741
        0.0200673827       -0.0263052038       -0.0000801526
       -0.0200673831        0.0263052039       -0.0000801532
       -0.0000118508        0.0000016059        0.0000029908
        0.0000118503       -0.0000016059        0.0000029915
       -0.0002070939        0.0012106240       -0.0001683093
        0.0002070944       -0.0012106240       -0.0001683087
       -0.0000000000        0.0000000000        0.0000027048
        0.0000000000       -0.0000000000        0.0002084552
        0.0183395808       -0.0160491452        0.0000000000
       -0.0053252431       -0.0043241905       -0.0000000000
       -0.1406450262        0.0561103170        0.0000000000
        0.0020326334       -0.0013914915        0.0000000004
        0.5834750198        0.0069479234       -0.0000000000
       -0.0007398197       -0.0004592803        0.0000000000
       -0.1312152408       -0.0540016541       -0.0000000000
        0.0002807330       -0.0001660907        0.0000000000
        0.0001272095       -0.0006031456        0.0002729988
        0.0001272095       -0.0006031461       -0.0002729988
        0.0001464320        0.0001723843        0.0003863309
        0.0001464320        0.0001723850       -0.0003863308
       -0.0138506276        0.0181266141        0.0002271021
       -0.0138506276        0.0181266141       -0.0002271014
       -0.0000171406        0.0000625546        0.0000993399
       -0.0000171402        0.0000625546       -0.0000993399
       -0.1449744818       -0.0035159459       -0.1167281774
       -0.1449744821       -0.0035159458        0.1167281774
        0.0000199764        0.0000082080       -0.0000356770
        0.0000199765        0.0000082080        0.0000356769
       -0.0121025174       -0.0186561611        0.0007353380
       -0.0121025177       -0.0186561607       -0.0007353376
       -0.0000226953        0.0000061164        0.0000225007
       -0.0000226950        0.0000061169       -0.0000225011
        0.0151819247        0.0222877770        0.0000000000
       -0.0000390663       -0.0001540063        0.0000000000
        0.0193751765       -0.0307846081        0.0000000000
       -0.0042368289       -0.0028595469       -0.0000000001
        0.0572929008       -0.1668470602       -0.0000000001
        0.0015549548       -0.0006690001        0.0000000006
        0.0069479234        0.5204891263       -0.0000000001
       -0.0004592810       -0.0003509757        0.0000000000
       -0.0576188712       -0.1800097052        0.0000000000
        0.0001482920       -0.0001032463        0.0000000000
        0.0011894353        0.0018880183       -0.0003053331
        0.0011894353        0.0018880176        0.0003053332
        0.0001270673       -0.0000670135        0.0002657304
        0.0001270674       -0.0000670123       -0.0002657303
       -0.0002366074       -0.0001377712       -0.0004392985
       -0.0002366074       -0.0001377712        0.0004392997
       -0.0000235976        0.0000464654        0.0000703351
       -0.0000235969        0.0000464654       -0.0000703350
       -0.0031736206       -0.0593464628       -0.0043082126
       -0.0031736213       -0.0593464627        0.0043082127
        0.0000006808        0.0000185905       -0.0000233519
        0.0000006810        0.0000185904        0.0000233518
       -0.0002559137       -0.0006582194        0.0003848660
       -0.0002559144       -0.0006582188       -0.0003848653
       -0.0000032837        0.0000042186        0.0000058274
       -0.0000032832        0.0000042194       -0.0000058280
       -0.0182226752       -0.0223049553        0.0000000000
       -0.0000300026       -0.0000557541        0.0000000000
       -0.0000000000        0.0000000001       -0.0001813423
        0.0000000000       -0.0000000001       -0.0009766477
       -0.0000000001        0.0000000002       -0.0932905351
        0.0000000001       -0.0000000002        0.0007809401
       -0.0000000000       -0.0000000001        0.6299035826
        0.0000000001        0.0000000001       -0.0000417064
        0.0000000001       -0.0000000003       -0.0931645283
       -0.0000000001        0.0000000003        0.0000237798
       -0.0000136544        0.0010598604       -0.0002722599
        0.0000136544       -0.0010598604       -0.0002722599
        0.0003113320       -0.0000427811        0.0004139975
       -0.0003113320        0.0000427811        0.0004139975
       -0.0198786279        0.0262002214       -0.0000361537
        0.0198786281       -0.0262002215       -0.0000361538
       -0.0000479635       -0.0000793759       -0.0000478013
        0.0000479634        0.0000793759       -0.0000478014
       -0.1141451502       -0.0045340694       -0.2218882649
        0.1141451504        0.0045340694       -0.2218882650
        0.0000104623        0.0000002333        0.0000046014
       -0.0000104624       -0.0000002333        0.0000046013
       -0.0177407304       -0.0278816103        0.0008093625
        0.0177407304        0.0278816103        0.0008093626
        0.0000047841        0.0000031133       -0.0000087805
       -0.0000047841       -0.0000031134       -0.0000087804
       -0.0000000001        0.0000000002       -0.0010002196
        0.0000000001       -0.0000000002       -0.0000067040
       -0.0053252440       -0.0043241903        0.0000000000
        0.0183395809       -0.0160491453        0.0000000001
        0.0020326338       -0.0013914918        0.0000000000
       -0.1406450275        0.0561103164       -0.0000000004
       -0.0007398197       -0.0004592810        0.0000000001
        0.5834750206        0.0069479238        0.0000000000
        0.0002807329       -0.0001660905        0.0000000000
       -0.1312152407       -0.0540016544        0.0000000000
        0.0001464317        0.0001723842       -0.0003863304
        0.0001464317        0.0001723847        0.0003863304
        0.0001272098       -0.0006031456       -0.0002729985
        0.0001272098       -0.0006031463        0.0002729984
       -0.0000171406        0.0000625546       -0.0000993402
       -0.0000171406        0.0000625546        0.0000993394
       -0.0138506275        0.0181266142       -0.0002271017
       -0.0138506279        0.0181266142        0.0002271017
        0.0000199763        0.0000082081        0.0000356766
        0.0000199767        0.0000082080       -0.0000356767
       -0.1449744815       -0.0035159459        0.1167281772
       -0.1449744816       -0.0035159458       -0.1167281771
       -0.0000226946        0.0000061164       -0.0000225008
       -0.0000226943        0.0000061160        0.0000225004
       -0.0121025172       -0.0186561610       -0.0007353373
       -0.0121025176       -0.0186561615        0.0007353377
       -0.0000390659       -0.0001540059        0.0000000000
        0.0151819250        0.0222877773        0.0000000000
       -0.0042368294       -0.0028595467        0.0000000000
        0.0193751756       -0.0307846078        0.0000000001
        0.0015549542       -0.0006690006        0.0000000001
        0.0572929000       -0.1668470612       -0.0000000006
       -0.0004592803       -0.0003509757        0.0000000001
        0.0069479238        0.5204891253        0.0000000000
        0.0001482921       -0.0001032463        0.0000000000
       -0.0576188711       -0.1800097053        0.0000000000
        0.0001270673       -0.0000670135       -0.0002657304
        0.0001270673       -0.0000670129        0.0002657303
        0.0011894352        0.0018880182        0.0003053330
        0.0011894352        0.0018880170       -0.0003053332
       -0.0000235976        0.0000464655       -0.0000703357
       -0.0000235976        0.0000464655        0.0000703345
       -0.0002366075       -0.0001377711        0.0004392993
       -0.0002366082       -0.0001377711       -0.0004392993
        0.0000006809        0.0000185905        0.0000233518
        0.0000006815        0.0000185905       -0.0000233519
       -0.0031736204       -0.0593464627        0.0043082126
       -0.0031736206       -0.0593464626       -0.0043082125
       -0.0000032831        0.0000042186       -0.0000058280
       -0.0000032825        0.0000042180        0.0000058273
       -0.0002559131       -0.0006582193       -0.0003848654
       -0.0002559136       -0.0006582201        0.0003848660
       -0.0000300021       -0.0000557534        0.0000000000
       -0.0182226747       -0.0223049546        0.0000000000
        0.0000000000        0.0000000000       -0.0009766477
        0.0000000000        0.0000000000       -0.0001813423
        0.0000000000       -0.0000000000        0.0007809401
        0.0000000000        0.0000000000       -0.0932905351
        0.0000000000        0.0000000000       -0.0000417064
        0.0000000000        0.0000000000        0.6299035828
        0.0000000000        0.0000000000        0.0000237798
        0.0000000000        0.0000000000       -0.0931645283
       -0.0003113320        0.0000427811        0.0004139975
        0.0003113320       -0.0000427811        0.0004139975
        0.0000136544       -0.0010598604       -0.0002722599
       -0.0000136544        0.0010598604       -0.0002722599
        0.0000479634        0.0000793759       -0.0000478014
       -0.0000479634       -0.0000793759       -0.0000478014
        0.0198786280       -0.0262002214       -0.0000361537
       -0.0198786280        0.0262002214       -0.0000361537
       -0.0000104623       -0.0000002333        0.0000046013
        0.0000104623        0.0000002333        0.0000046013
        0.1141451503        0.0045340694       -0.2218882649
       -0.1141451503       -0.0045340694       -0.2218882650
       -0.0000047841       -0.0000031134       -0.0000087805
        0.0000047841        0.0000031134       -0.0000087804
        0.0177407304        0.0278816103        0.0008093626
       -0.0177407304       -0.0278816103        0.0008093626
        0.0000000000        0.0000000000       -0.0000067040
        0.0000000000        0.0000000000       -0.0010002196
       -0.0053266982        0.0038822988        0.0000000000
        0.0017972233        0.0014749183        0.0000000001
        0.0170562905        0.0193004378       -0.0000000000
       -0.0007242743        0.0004165662        0.0000000002
       -0.1312152408       -0.0576188712        0.0000000001
        0.0002807329        0.0001482921        0.0000000000
        0.5814926904       -0.0418219703        0.0000000000
       -0.0001088107        0.0000607503       -0.0000000000
        0.0001765703       -0.0001027347       -0.0003951255
        0.0001765703       -0.0001027349        0.0003951254
       -0.0000027318       -0.0000744250       -0.0000878839
       -0.0000027317       -0.0000744246        0.0000878839
        0.0004638596        0.0003735650       -0.0000359110
        0.0004638596        0.0003735650        0.0000359114
        0.0000165360       -0.0000072897       -0.0000335190
        0.0000165363       -0.0000072897        0.0000335190
       -0.0114019472       -0.0197528767        0.0011153619
       -0.0114019474       -0.0197528767       -0.0011153620
       -0.0000122444       -0.0000006944        0.0000182148
       -0.0000122444       -0.0000006943       -0.0000182148
       -0.1442664406       -0.0046877461       -0.1202247598
       -0.1442664408       -0.0046877461        0.1202247599
        0.0000097868       -0.0000035934       -0.0000066527
        0.0000097870       -0.0000035933        0.0000066526
       -0.1532340824        0.1225962830        0.0000000000
        0.0000118571        0.0000673264        0.0000000000
        0.0045030881       -0.0027085393       -0.0000000000
       -0.0015104146       -0.0008008270       -0.0000000003
       -0.0170728158       -0.0322356737        0.0000000000
        0.0005037890       -0.0003218592       -0.0000000003
       -0.0540016541       -0.1800097052       -0.0000000003
       -0.0001660905       -0.0001032463        0.0000000000
       -0.0418219703        0.5537782634       -0.0000000000
        0.0000607504       -0.0000358681        0.0000000000
       -0.0000959504       -0.0000531297        0.0002343472
       -0.0000959504       -0.0000531298       -0.0002343470
        0.0000220583        0.0000458164        0.0000722142
        0.0000220583        0.0000458159       -0.0000722139
       -0.0012475713        0.0018148633       -0.0001724559
       -0.0012475713        0.0018148633        0.0001724554
       -0.0000042487        0.0000163450        0.0000251740
       -0.0000042490        0.0000163450       -0.0000251740
       -0.0003415010       -0.0008691318        0.0002938993
       -0.0003415007       -0.0008691315       -0.0002938990
        0.0000036229        0.0000032863       -0.0000073502
        0.0000036232        0.0000032861        0.0000073499
       -0.0063709973       -0.0590030633       -0.0096158369
       -0.0063709971       -0.0590030632        0.0096158369
       -0.0000033658        0.0000006450        0.0000045212
       -0.0000033663        0.0000006453       -0.0000045212
        0.1255923315       -0.2214493902        0.0000000000
       -0.0000112942       -0.0000262993        0.0000000000
       -0.0000000000        0.0000000000       -0.0008241874
        0.0000000000       -0.0000000000        0.0007506726
       -0.0000000000        0.0000000000        0.0004905448
        0.0000000000       -0.0000000000       -0.0000434276
       -0.0000000000        0.0000000000       -0.0931645283
        0.0000000000        0.0000000000        0.0000237798
        0.0000000000       -0.0000000000        0.6012002625
        0.0000000000        0.0000000000       -0.0000072736
       -0.0003254607       -0.0001050202        0.0004156804
        0.0003254607        0.0001050202        0.0004156804
        0.0000552566       -0.0000801379       -0.0000430696
       -0.0000552566        0.0000801379       -0.0000430696
        0.0001673954        0.0009505877       -0.0001140360
       -0.0001673954       -0.0009505877       -0.0001140360
        0.0000083284       -0.0000006058        0.0000057829
       -0.0000083284        0.0000006058        0.0000057828
       -0.0165754156       -0.0279373041        0.0012401621
        0.0165754156        0.0279373041        0.0012401621
        0.0000045403       -0.0000016812       -0.0000081073
       -0.0000045403        0.0000016812       -0.0000081073
       -0.1191600403       -0.0073066956       -0.2264035078
        0.1191600403        0.0073066956       -0.2264035079
        0.0000028886        0.0000009219       -0.0000009816
       -0.0000028886       -0.0000009219       -0.0000009816
       -0.0000000000        0.0000000000       -0.0586145812
        0.0000000000        0.0000000000        0.0000018914
        0.0017972231        0.0014749185        0.0000000000
       -0.0053266983        0.0038822988       -0.0000000001
       -0.0007242744        0.0004165662        0.0000000000
        0.0170562903        0.0193004376       -0.0000000002
        0.0002807330        0.0001482920       -0.0000000001
       -0.1312152407       -0.0576188711        0.0000000000
       -0.0001088107        0.0000607504        0.0000000000
        0.5814926905       -0.0418219703        0.0000000000
       -0.0000027319       -0.0000744250        0.0000878839
       -0.0000027319       -0.0000744249       -0.0000878838
        0.0001765703       -0.0001027347        0.0003951256
        0.0001765703       -0.0001027351       -0.0003951255
        0.0000165361       -0.0000072897        0.0000335188
        0.0000165361       -0.0000072897       -0.0000335191
        0.0004638597        0.0003735650        0.0000359112
        0.0004638594        0.0003735650       -0.0000359112
       -0.0000122445       -0.0000006943       -0.0000182148
       -0.0000122443       -0.0000006943        0.0000182148
       -0.0114019473       -0.0197528767       -0.0011153619
       -0.0114019473       -0.0197528767        0.0011153619
        0.0000097869       -0.0000035935        0.0000066526
        0.0000097871       -0.0000035936       -0.0000066527
       -0.1442664405       -0.0046877463        0.1202247599
       -0.1442664407       -0.0046877463       -0.1202247598
        0.0000118573        0.0000673266        0.0000000000
       -0.1532340823        0.1225962832        0.0000000000
       -0.0015104145       -0.0008008274        0.0000000000
        0.0045030879       -0.0027085395        0.0000000003
        0.0005037891       -0.0003218592        0.0000000000
       -0.0170728159       -0.0322356733        0.0000000003
       -0.0001660907       -0.0001032463        0.0000000003
       -0.0540016544       -0.1800097053        0.0000000000
        0.0000607503       -0.0000358681        0.0000000000
       -0.0418219703        0.5537782629        0.0000000000
        0.0000220583        0.0000458164       -0.0000722139
        0.0000220583        0.0000458164        0.0000722136
       -0.0000959505       -0.0000531297       -0.0002343475
       -0.0000959505       -0.0000531292        0.0002343472
       -0.0000042487        0.0000163451       -0.0000251738
       -0.0000042488        0.0000163451        0.0000251743
       -0.0012475713        0.0018148633        0.0001724556
       -0.0012475710        0.0018148633       -0.0001724556
        0.0000036231        0.0000032863        0.0000073498
        0.0000036228        0.0000032861       -0.0000073501
       -0.0003415006       -0.0008691318       -0.0002938991
       -0.0003415009       -0.0008691315        0.0002938994
       -0.0000033660        0.0000006452       -0.0000045212
       -0.0000033663        0.0000006452        0.0000045212
       -0.0063709976       -0.0590030630        0.0096158369
       -0.0063709971       -0.0590030633       -0.0096158369
       -0.0000112944       -0.0000262997        0.0000000000
        0.1255923312       -0.2214493904       -0.0000000000
        0.0000000000        0.0000000000        0.0007506726
        0.0000000000        0.0000000000       -0.0008241874
        0.0000000000        0.0000000000       -0.0000434276
        0.0000000000        0.0000000000        0.0004905449
        0.0000000000        0.0000000000        0.0000237798
        0.0000000000        0.0000000000       -0.0931645283
       -0.0000000000        0.0000000000       -0.0000072736
        0.0000000000        0.0000000000        0.6012002625
       -0.0000552566        0.0000801379       -0.0000430696
        0.0000552566       -0.0000801379       -0.0000430696
        0.0003254607        0.0001050202        0.0004156804
       -0.0003254607       -0.0001050202        0.0004156804
       -0.0000083284        0.0000006058        0.0000057829
        0.0000083284       -0.0000006058        0.0000057829
       -0.0001673954       -0.0009505877       -0.0001140360
        0.0001673954        0.0009505877       -0.0001140360
       -0.0000045403        0.0000016812       -0.0000081073
        0.0000045403       -0.0000016812       -0.0000081073
        0.0165754156        0.0279373041        0.0012401620
       -0.0165754156       -0.0279373041        0.0012401621
       -0.0000028886       -0.0000009219       -0.0000009816
        0.0000028886        0.0000009219       -0.0000009816
        0.1191600403        0.0073066956       -0.2264035079
       -0.1191600403       -0.0073066956       -0.2264035078
        0.0000000000        0.0000000000        0.0000018914
        0.0000000000        0.0000000000       -0.0586145812
       -0.1434737034       -0.0032055159        0.1126310472
       -0.0136676952       -0.0002215551        0.0197722343
       -0.0122558432       -0.0006895783        0.0177525876
        0.0001773315       -0.0013544618        0.0000653818
        0.0001272095        0.0011894353       -0.0000136544
        0.0001464317        0.0001270673       -0.0003113320
        0.0001765703       -0.0000959504       -0.0003254607
       -0.0000027319        0.0000220583       -0.0000552566
        0.1558351522        0.0033960940       -0.1302930155
        0.0142619690        0.0005448356       -0.0167894070
        0.0002946142       -0.0008574938       -0.0003620114
       -0.0022947149        0.0040171307       -0.0001913308
        0.0001677105        0.0007678443       -0.0003173805
       -0.0017057172       -0.0037567229       -0.0001831388
        0.0009154047        0.0004530460       -0.0004909224
        0.0000707913        0.0000778710       -0.0000878522
        0.0000700035       -0.0000654221       -0.0000882075
        0.0009265763       -0.0003451930       -0.0004579895
        0.0001642340       -0.0002295775       -0.0001207494
       -0.0000519995        0.0000112934        0.0000083385
       -0.0000538743       -0.0000133677        0.0000080680
        0.0001103997        0.0002389229       -0.0000869122
        0.0000302905        0.0000451329       -0.0000124207
        0.0000030827        0.0000003435        0.0000012501
        0.0000311011       -0.0000749371       -0.0000514719
       -0.0000013277        0.0000188850        0.0000032520
       -0.0032216100       -0.0594955625        0.0042831199
        0.0180129569        0.0000507453       -0.0261975061
       -0.0189400723       -0.0013355316        0.0276274284
        0.0004730255        0.0018731384       -0.0010687085
       -0.0006031456        0.0018880183        0.0010598604
        0.0001723842       -0.0000670135        0.0000427811
       -0.0001027347       -0.0000531297       -0.0001050202
       -0.0000744250        0.0000458164        0.0000801379
        0.0033960940        0.0666105950       -0.0049422540
        0.0005448359       -0.0001819403       -0.0006353880
       -0.0008574937        0.0012848123        0.0006150684
        0.0040171301       -0.0051514877        0.0000996868
        0.0007664467        0.0014025055       -0.0006442231
       -0.0037479978       -0.0057405319       -0.0001140600
       -0.0003422177       -0.0005426856        0.0004720451
       -0.0000646150       -0.0000957110       -0.0000068217
        0.0000785977       -0.0000942409        0.0000032469
        0.0004537340       -0.0005429730       -0.0005084205
       -0.0002331136        0.0000663158        0.0002228935
        0.0000124784        0.0000076068       -0.0000127668
       -0.0000215961        0.0000074277        0.0000111040
        0.0002195407        0.0001153269       -0.0002103050
       -0.0000378799       -0.0000586237        0.0000208573
        0.0000000074       -0.0000036883       -0.0000044520
        0.0000889671       -0.0000066704       -0.0000910956
        0.0000104685        0.0000171527        0.0000029321
        0.1149336062        0.0043469401       -0.2198260169
       -0.0002852011        0.0002732675        0.0000341428
       -0.0002778413       -0.0002845497        0.0000378553
        0.0002471035        0.0003387721       -0.0002724815
        0.0002729988       -0.0003053331       -0.0002722599
       -0.0003863304       -0.0002657304        0.0004139975
       -0.0003951255        0.0002343472        0.0004156804
        0.0000878839       -0.0000722139       -0.0000430696
       -0.1302930155       -0.0049422540        0.2370461907
        0.0167894070        0.0006353885       -0.0245392033
        0.0003620114       -0.0006150684        0.0010910598
       -0.0001913309        0.0000996859        0.0018693062
        0.0003159076        0.0006450272        0.0010897316
       -0.0001831035       -0.0001175080        0.0018702269
       -0.0004545420       -0.0005091241        0.0005731268
        0.0000881011       -0.0000010123        0.0000033480
        0.0000888269        0.0000055278        0.0000011690
       -0.0004987400        0.0004725706        0.0005775229
       -0.0001208277        0.0002201696       -0.0000010950
       -0.0000074295        0.0000123080       -0.0000354137
        0.0000011554       -0.0000208847       -0.0000309203
       -0.0000957157       -0.0002265742       -0.0000089570
       -0.0000103164       -0.0000248016        0.0000330006
       -0.0000012332       -0.0000040525       -0.0000092825
        0.0000367666        0.0001425140       -0.0000209843
       -0.0000221025       -0.0000374932        0.0000051410
       -0.1434737034       -0.0032055159       -0.1126310472
       -0.0136676952       -0.0002215551       -0.0197722343
       -0.0122558432       -0.0006895783       -0.0177525877
        0.0001773315       -0.0013544618       -0.0000653811
        0.0001272095        0.0011894353        0.0000136544
        0.0001464317        0.0001270673        0.0003113320
        0.0001765703       -0.0000959504        0.0003254607
       -0.0000027319        0.0000220583        0.0000552566
        0.0142619690        0.0005448359        0.0167894070
        0.1558351522        0.0033960937        0.1302930155
       -0.0022947149        0.0040171301        0.0001913309
        0.0002946143       -0.0008574931        0.0003620115
       -0.0017057172       -0.0037567229        0.0001831395
        0.0001677105        0.0007678443        0.0003173811
        0.0000707909        0.0000778710        0.0000878522
        0.0009154051        0.0004530460        0.0004909224
        0.0009265766       -0.0003451930        0.0004579895
        0.0000700032       -0.0000654221        0.0000882075
       -0.0000519995        0.0000112934       -0.0000083385
        0.0001642340       -0.0002295775        0.0001207494
        0.0001104000        0.0002389227        0.0000869125
       -0.0000538747       -0.0000133674       -0.0000080677
        0.0000030824        0.0000003432       -0.0000012503
        0.0000302908        0.0000451332        0.0000124205
        0.0000311011       -0.0000749371        0.0000514719
       -0.0000013277        0.0000188850       -0.0000032520
       -0.0032216106       -0.0594955621       -0.0042831199
        0.0180129575        0.0000507450        0.0261975061
       -0.0189400716       -0.0013355310       -0.0276274284
        0.0004730248        0.0018731379        0.0010687086
       -0.0006031461        0.0018880176       -0.0010598604
        0.0001723847       -0.0000670129       -0.0000427811
       -0.0001027349       -0.0000531298        0.0001050202
       -0.0000744249        0.0000458164       -0.0000801379
        0.0005448356       -0.0001819403        0.0006353885
        0.0033960937        0.0666105948        0.0049422536
        0.0040171304       -0.0051514877       -0.0000996863
       -0.0008574934        0.0012848125       -0.0006150688
       -0.0037479979       -0.0057405321        0.0001140602
        0.0007664467        0.0014025054        0.0006442231
       -0.0000646151       -0.0000957109        0.0000068218
       -0.0003422176       -0.0005426855       -0.0004720452
        0.0004537340       -0.0005429729        0.0005084203
        0.0000785975       -0.0000942408       -0.0000032467
        0.0000124785        0.0000076067        0.0000127665
       -0.0002331135        0.0000663158       -0.0002228934
        0.0002195410        0.0001153269        0.0002103054
       -0.0000215959        0.0000074279       -0.0000111042
        0.0000000070       -0.0000036884        0.0000044523
       -0.0000378801       -0.0000586236       -0.0000208577
        0.0000889670       -0.0000066703        0.0000910956
        0.0000104685        0.0000171525       -0.0000029321
       -0.1149336062       -0.0043469402       -0.2198260169
        0.0002852010       -0.0002732674        0.0000341428
        0.0002778414        0.0002845495        0.0000378553
       -0.0002471036       -0.0003387719       -0.0002724806
       -0.0002729988        0.0003053332       -0.0002722599
        0.0003863304        0.0002657303        0.0004139975
        0.0003951254       -0.0002343470        0.0004156804
       -0.0000878838        0.0000722136       -0.0000430696
       -0.0167894070       -0.0006353880       -0.0245392033
        0.1302930155        0.0049422536        0.2370461907
        0.0001913309       -0.0000996868        0.0018693062
       -0.0003620114        0.0006150693        0.0010910598
        0.0001831034        0.0001175080        0.0018702277
       -0.0003159077       -0.0006450272        0.0010897326
       -0.0000881015        0.0000010123        0.0000033479
        0.0004545425        0.0005091241        0.0005731269
        0.0004987404       -0.0004725706        0.0005775228
       -0.0000888274       -0.0000055278        0.0000011691
        0.0000074295       -0.0000123080       -0.0000354138
        0.0001208278       -0.0002201695       -0.0000010950
        0.0000957162        0.0002265738       -0.0000089566
       -0.0000011558        0.0000208851       -0.0000309199
        0.0000012328        0.0000040521       -0.0000092829
        0.0000103169        0.0000248021        0.0000330002
       -0.0000367664       -0.0001425142       -0.0000209843
        0.0000221023        0.0000374933        0.0000051410
       -0.0136676956       -0.0002215553       -0.0197722343
       -0.1434737037       -0.0032055158       -0.1126310473
        0.0001773311       -0.0013544623       -0.0000653814
       -0.0122558435       -0.0006895784       -0.0177525880
        0.0001464320        0.0001270673        0.0003113320
        0.0001272098        0.0011894352        0.0000136544
       -0.0000027318        0.0000220583        0.0000552566
        0.0001765703       -0.0000959505        0.0003254607
        0.0002946142       -0.0008574937        0.0003620114
       -0.0022947149        0.0040171304        0.0001913309
        0.1558351522        0.0033960940        0.1302930154
        0.0142619689        0.0005448353        0.0167894071
        0.0009154048        0.0004530461        0.0004909221
        0.0000707910        0.0000778711        0.0000878519
        0.0001677105        0.0007678443        0.0003173808
       -0.0017057176       -0.0037567229        0.0001831391
        0.0001642339       -0.0002295776        0.0001207493
       -0.0000519992        0.0000112934       -0.0000083385
        0.0000700035       -0.0000654221        0.0000882075
        0.0009265766       -0.0003451930        0.0004579895
        0.0000302908        0.0000451329        0.0000124204
        0.0000030830        0.0000003428       -0.0000012504
       -0.0000538740       -0.0000133677       -0.0000080677
        0.0001104000        0.0002389223        0.0000869125
       -0.0000013274        0.0000188853       -0.0000032520
        0.0000311014       -0.0000749368        0.0000514719
        0.0180129568        0.0000507453        0.0261975061
       -0.0032216102       -0.0594955625       -0.0042831199
        0.0004730255        0.0018731384        0.0010687085
       -0.0189400724       -0.0013355317       -0.0276274285
        0.0001723843       -0.0000670135       -0.0000427811
       -0.0006031456        0.0018880182       -0.0010598604
       -0.0000744250        0.0000458164       -0.0000801379
       -0.0001027347       -0.0000531297        0.0001050202
       -0.0008574938        0.0012848123       -0.0006150684
        0.0040171301       -0.0051514877       -0.0000996868
        0.0033960940        0.0666105950        0.0049422540
        0.0005448359       -0.0001819404        0.0006353880
       -0.0003422177       -0.0005426856       -0.0004720452
       -0.0000646151       -0.0000957110        0.0000068216
        0.0007664467        0.0014025055        0.0006442232
       -0.0037479979       -0.0057405319        0.0001140600
       -0.0002331136        0.0000663158       -0.0002228936
        0.0000124785        0.0000076067        0.0000127668
        0.0000785977       -0.0000942409       -0.0000032469
        0.0004537341       -0.0005429729        0.0005084205
       -0.0000378799       -0.0000586237       -0.0000208574
        0.0000000075       -0.0000036885        0.0000044519
       -0.0000215960        0.0000074277       -0.0000111039
        0.0002195408        0.0001153267        0.0002103051
        0.0000104685        0.0000171527       -0.0000029321
        0.0000889672       -0.0000066703        0.0000910956
        0.0002852006       -0.0002732676        0.0000341427
       -0.1149336067       -0.0043469400       -0.2198260169
       -0.0002471039       -0.0003387728       -0.0002724810
        0.0002778408        0.0002845496        0.0000378548
        0.0003863309        0.0002657304        0.0004139975
       -0.0002729985        0.0003053330       -0.0002722599
       -0.0000878839        0.0000722142       -0.0000430696
        0.0003951256       -0.0002343475        0.0004156804
       -0.0003620114        0.0006150684        0.0010910598
        0.0001913309       -0.0000996863        0.0018693062
        0.1302930154        0.0049422540        0.2370461907
       -0.0167894071       -0.0006353889       -0.0245392033
        0.0004545420        0.0005091242        0.0005731263
       -0.0000881016        0.0000010124        0.0000033476
       -0.0003159075       -0.0006450272        0.0010897320
        0.0001831031        0.0001175080        0.0018702274
        0.0001208276       -0.0002201695       -0.0000010951
        0.0000074299       -0.0000123080       -0.0000354136
       -0.0000888268       -0.0000055278        0.0000011690
        0.0004987405       -0.0004725706        0.0005775229
        0.0000103169        0.0000248016        0.0000330002
        0.0000012337        0.0000040516       -0.0000092829
       -0.0000011550        0.0000208847       -0.0000309199
        0.0000957162        0.0002265734       -0.0000089566
        0.0000221030        0.0000374934        0.0000051410
       -0.0000367662       -0.0001425134       -0.0000209843
       -0.0136676956       -0.0002215554        0.0197722343
       -0.1434737037       -0.0032055157        0.1126310473
        0.0001773311       -0.0013544624        0.0000653815
       -0.0122558435       -0.0006895783        0.0177525873
        0.0001464320        0.0001270674       -0.0003113320
        0.0001272098        0.0011894352       -0.0000136544
       -0.0000027317        0.0000220583       -0.0000552566
        0.0001765703       -0.0000959505       -0.0003254607
       -0.0022947149        0.0040171301       -0.0001913309
        0.0002946143       -0.0008574934       -0.0003620114
        0.0142619689        0.0005448359       -0.0167894071
        0.1558351521        0.0033960933       -0.1302930154
        0.0000707910        0.0000778711       -0.0000878525
        0.0009154049        0.0004530461       -0.0004909228
       -0.0017057173       -0.0037567229       -0.0001831391
        0.0001677101        0.0007678443       -0.0003173809
       -0.0000519996        0.0000112934        0.0000083384
        0.0001642342       -0.0002295776       -0.0001207493
        0.0009265767       -0.0003451930       -0.0004579895
        0.0000700035       -0.0000654221       -0.0000882074
        0.0000030826        0.0000003431        0.0000012500
        0.0000302911        0.0000451326       -0.0000124207
        0.0001104004        0.0002389227       -0.0000869122
       -0.0000538743       -0.0000133680        0.0000080680
       -0.0000013274        0.0000188854        0.0000032520
        0.0000311014       -0.0000749368       -0.0000514719
        0.0180129579        0.0000507448       -0.0261975061
       -0.0032216113       -0.0594955620        0.0042831199
        0.0004730238        0.0018731378       -0.0010687085
       -0.0189400707       -0.0013355311        0.0276274283
        0.0001723850       -0.0000670123        0.0000427811
       -0.0006031463        0.0018880170        0.0010598604
       -0.0000744246        0.0000458159        0.0000801379
       -0.0001027351       -0.0000531292       -0.0001050202
        0.0040171307       -0.0051514877        0.0000996859
       -0.0008574931        0.0012848125        0.0006150693
        0.0005448353       -0.0001819404       -0.0006353889
        0.0033960933        0.0666105946       -0.0049422532
       -0.0000646150       -0.0000957108       -0.0000068219
       -0.0003422175       -0.0005426854        0.0004720451
       -0.0037479980       -0.0057405321       -0.0001140601
        0.0007664464        0.0014025053       -0.0006442231
        0.0000124787        0.0000076067       -0.0000127663
       -0.0002331132        0.0000663157        0.0002228930
        0.0004537338       -0.0005429729       -0.0005084199
        0.0000785973       -0.0000942408        0.0000032464
        0.0000000068       -0.0000036885       -0.0000044527
       -0.0000378803       -0.0000586238        0.0000208580
        0.0002195414        0.0001153269       -0.0002103057
       -0.0000215956        0.0000074276        0.0000111047
        0.0000104684        0.0000171528        0.0000029321
        0.0000889673       -0.0000066704       -0.0000910956
       -0.0002852006        0.0002732674        0.0000341427
        0.1149336067        0.0043469402       -0.2198260170
        0.0002471039        0.0003387725       -0.0002724811
       -0.0002778409       -0.0002845493        0.0000378557
       -0.0003863308       -0.0002657303        0.0004139975
        0.0002729984       -0.0003053332       -0.0002722599
        0.0000878839       -0.0000722139       -0.0000430696
       -0.0003951255        0.0002343472        0.0004156804
       -0.0001913308        0.0000996868        0.0018693062
        0.0003620115       -0.0006150688        0.0010910598
        0.0167894071        0.0006353880       -0.0245392033
       -0.1302930154       -0.0049422532        0.2370461908
        0.0000881016       -0.0000010124        0.0000033485
       -0.0004545420       -0.0005091241        0.0005731272
       -0.0001831036       -0.0001175080        0.0018702273
        0.0003159080        0.0006450272        0.0010897320
       -0.0000074295        0.0000123080       -0.0000354137
       -0.0001208282        0.0002201696       -0.0000010950
       -0.0004987405        0.0004725706        0.0005775228
        0.0000888269        0.0000055278        0.0000011690
       -0.0000012332       -0.0000040520       -0.0000092825
       -0.0000103173       -0.0000248012        0.0000330006
       -0.0000957166       -0.0002265738       -0.0000089570
        0.0000011554       -0.0000208842       -0.0000309203
       -0.0000221029       -0.0000374936        0.0000051410
        0.0000367662        0.0001425136       -0.0000209843
       -0.0122216826       -0.0006850553       -0.0177026706
        0.0001175602        0.0012114589        0.0000158238
       -0.1433306284       -0.0033109017       -0.1125882708
        0.0001735381       -0.0001163141        0.0003053389
       -0.0138506276       -0.0002366074       -0.0198786279
       -0.0000171406       -0.0000235976        0.0000479634
        0.0004638596       -0.0012475713        0.0001673954
        0.0000165361       -0.0000042487       -0.0000083284
        0.0001677105        0.0007664467        0.0003159076
       -0.0017057172       -0.0037479979        0.0001831034
        0.0009154048       -0.0003422177        0.0004545420
        0.0000707910       -0.0000646150        0.0000881016
        0.1557858363        0.0034536995        0.1302141058
        0.0142140998        0.0005392592        0.0167855936
       -0.0000492623       -0.0000163683       -0.0000062484
        0.0001256691        0.0002337869        0.0001019859
       -0.0022892684        0.0040332975        0.0002190480
        0.0003007485       -0.0008716056        0.0003492529
        0.0000025567       -0.0000004589       -0.0000012295
        0.0000315741       -0.0000384760        0.0000136151
        0.0008826798        0.0004707888        0.0004183624
        0.0000724529        0.0000880043        0.0000864837
       -0.0000073094       -0.0000003701        0.0000014481
       -0.0000001715        0.0000059405        0.0000063993
        0.0001318417       -0.0000818492        0.0004087228
        0.0000002086       -0.0000142227       -0.0000014540
       -0.0189219570       -0.0013497939       -0.0275957670
       -0.0006084995        0.0019272778       -0.0010635989
       -0.0033489060       -0.0595328168       -0.0043217111
       -0.0001513016       -0.0000946562        0.0000670053
        0.0181266141       -0.0001377712        0.0262002214
        0.0000625546        0.0000464655        0.0000793759
        0.0003735650        0.0018148633        0.0009505877
       -0.0000072897        0.0000163451        0.0000006058
        0.0007678443        0.0014025055        0.0006450272
       -0.0037567229       -0.0057405321        0.0001175080
        0.0004530461       -0.0005426856        0.0005091242
        0.0000778711       -0.0000957108       -0.0000010124
        0.0034536995        0.0665543800        0.0049745308
        0.0005392592       -0.0001749716        0.0006140644
       -0.0000163683        0.0000052115       -0.0000125128
        0.0002337870        0.0001023597        0.0002285177
        0.0041300839       -0.0051932412       -0.0000327304
       -0.0008810242        0.0012792268       -0.0005989345
        0.0000008526       -0.0000037032       -0.0000048379
        0.0000466038       -0.0000576681        0.0000259243
       -0.0003922076       -0.0004738551       -0.0004916769
       -0.0000613814       -0.0001075545        0.0000107733
       -0.0000032160       -0.0000000423       -0.0000008689
        0.0000035321        0.0000104206        0.0000066787
       -0.0001248833        0.0003479318       -0.0003054679
        0.0000042035       -0.0000023128       -0.0000009718
        0.0002772235        0.0003101448        0.0000542411
       -0.0002729311        0.0003111700       -0.0002697737
       -0.1148873934       -0.0044296618       -0.2195886717
        0.0004128100       -0.0002447441        0.0004104320
        0.0002271021       -0.0004392985       -0.0000361537
       -0.0000993402       -0.0000703357       -0.0000478014
       -0.0000359110       -0.0001724559       -0.0001140360
        0.0000335188       -0.0000251738        0.0000057829
       -0.0003173805       -0.0006442231        0.0010897316
        0.0001831395        0.0001140602        0.0018702277
        0.0004909221       -0.0004720452        0.0005731263
       -0.0000878525       -0.0000068219        0.0000033485
        0.1302141058        0.0049745308        0.2368563533
       -0.0167855935       -0.0006140642       -0.0245638904
        0.0000062483        0.0000125126       -0.0000341909
        0.0001019858        0.0002285176       -0.0000014519
        0.0002338266       -0.0000931605        0.0019131828
       -0.0003775513        0.0006141571        0.0011014772
        0.0000016089       -0.0000043919       -0.0000093868
        0.0000158555       -0.0000233646        0.0000365941
        0.0003893341        0.0005303746        0.0004541000
       -0.0000700996       -0.0000227493       -0.0000249071
       -0.0000034127        0.0000031082       -0.0000003839
        0.0000057327        0.0000086562        0.0000048974
        0.0003469420        0.0001773513        0.0003215491
       -0.0000037994       -0.0000219647       -0.0000025671
       -0.0122216826       -0.0006850554        0.0177026706
        0.0001175601        0.0012114589       -0.0000158237
       -0.1433306284       -0.0033109017        0.1125882707
        0.0001735381       -0.0001163141       -0.0003053387
       -0.0138506276       -0.0002366074        0.0198786281
       -0.0000171406       -0.0000235976       -0.0000479634
        0.0004638596       -0.0012475713       -0.0001673954
        0.0000165361       -0.0000042488        0.0000083284
       -0.0017057172       -0.0037479978       -0.0001831035
        0.0001677105        0.0007664467       -0.0003159077
        0.0000707910       -0.0000646151       -0.0000881016
        0.0009154049       -0.0003422175       -0.0004545420
        0.0142140998        0.0005392592       -0.0167855935
        0.1557858362        0.0034536994       -0.1302141056
        0.0001256690        0.0002337869       -0.0001019859
       -0.0000492622       -0.0000163683        0.0000062484
        0.0003007486       -0.0008716056       -0.0003492530
       -0.0022892685        0.0040332975       -0.0002190480
        0.0000315741       -0.0000384761       -0.0000136151
        0.0000025566       -0.0000004589        0.0000012295
        0.0000724530        0.0000880043       -0.0000864837
        0.0008826797        0.0004707888       -0.0004183624
       -0.0000001716        0.0000059405       -0.0000063993
       -0.0000073093       -0.0000003702       -0.0000014481
        0.0001318417       -0.0000818492       -0.0004087228
        0.0000002086       -0.0000142227        0.0000014539
       -0.0189219570       -0.0013497940        0.0275957670
       -0.0006084994        0.0019272778        0.0010635989
       -0.0033489060       -0.0595328168        0.0043217111
       -0.0001513016       -0.0000946561       -0.0000670051
        0.0181266141       -0.0001377712       -0.0262002215
        0.0000625546        0.0000464655       -0.0000793759
        0.0003735650        0.0018148633       -0.0009505877
       -0.0000072897        0.0000163451       -0.0000006058
       -0.0037567229       -0.0057405319       -0.0001175080
        0.0007678443        0.0014025054       -0.0006450272
        0.0000778711       -0.0000957110        0.0000010124
        0.0004530461       -0.0005426854       -0.0005091241
        0.0005392592       -0.0001749716       -0.0006140642
        0.0034536994        0.0665543800       -0.0049745306
        0.0002337869        0.0001023597       -0.0002285177
       -0.0000163681        0.0000052115        0.0000125128
       -0.0008810241        0.0012792268        0.0005989345
        0.0041300837       -0.0051932412        0.0000327304
        0.0000466038       -0.0000576680       -0.0000259243
        0.0000008527       -0.0000037032        0.0000048379
       -0.0000613813       -0.0001075546       -0.0000107732
       -0.0003922077       -0.0004738550        0.0004916770
        0.0000035320        0.0000104205       -0.0000066788
       -0.0000032159       -0.0000000421        0.0000008688
       -0.0001248833        0.0003479318        0.0003054679
        0.0000042035       -0.0000023128        0.0000009718
       -0.0002772224       -0.0003101453        0.0000542411
        0.0002729301       -0.0003111694       -0.0002697738
        0.1148873917        0.0044296611       -0.2195886717
       -0.0004128083        0.0002447447        0.0004104320
       -0.0002271014        0.0004392997       -0.0000361538
        0.0000993394        0.0000703345       -0.0000478014
        0.0000359114        0.0001724554       -0.0001140360
       -0.0000335191        0.0000251743        0.0000057829
       -0.0001831388       -0.0001140600        0.0018702269
        0.0003173811        0.0006442231        0.0010897326
        0.0000878519        0.0000068216        0.0000033476
       -0.0004909228        0.0004720451        0.0005731272
        0.0167855936        0.0006140644       -0.0245638904
       -0.1302141056       -0.0049745306        0.2368563535
       -0.0001019860       -0.0002285178       -0.0000014520
       -0.0000062485       -0.0000125128       -0.0000341908
        0.0003775516       -0.0006141572        0.0011014777
       -0.0002338263        0.0000931605        0.0019131823
       -0.0000158558        0.0000233647        0.0000365946
       -0.0000016092        0.0000043919       -0.0000093874
        0.0000700991        0.0000227492       -0.0000249076
       -0.0003893346       -0.0005303745        0.0004541008
       -0.0000057322       -0.0000086563        0.0000048966
        0.0000034132       -0.0000031081       -0.0000003833
       -0.0003469421       -0.0001773512        0.0003215491
        0.0000037994        0.0000219647       -0.0000025671
        0.0001175601        0.0012114591       -0.0000158237
       -0.0122216828       -0.0006850554        0.0177026705
        0.0001735382       -0.0001163139       -0.0003053387
       -0.1433306285       -0.0033109020        0.1125882706
       -0.0000171406       -0.0000235976       -0.0000479635
       -0.0138506275       -0.0002366075        0.0198786280
        0.0000165360       -0.0000042487        0.0000083284
        0.0004638597       -0.0012475713       -0.0001673954
        0.0009154047       -0.0003422177       -0.0004545420
        0.0000707909       -0.0000646151       -0.0000881015
        0.0001677105        0.0007664467       -0.0003159075
       -0.0017057173       -0.0037479980       -0.0001831036
       -0.0000492623       -0.0000163683        0.0000062483
        0.0001256690        0.0002337869       -0.0001019860
        0.1557858363        0.0034536995       -0.1302141057
        0.0142140997        0.0005392593       -0.0167855935
        0.0000025566       -0.0000004589        0.0000012296
        0.0000315742       -0.0000384760       -0.0000136151
       -0.0022892685        0.0040332975       -0.0002190480
        0.0003007486       -0.0008716057       -0.0003492530
       -0.0000073093       -0.0000003702       -0.0000014481
       -0.0000001714        0.0000059404       -0.0000063993
        0.0008826798        0.0004707887       -0.0004183624
        0.0000724529        0.0000880042       -0.0000864837
        0.0000002087       -0.0000142226        0.0000014539
        0.0001318417       -0.0000818491       -0.0004087228
       -0.0006084996        0.0019272779        0.0010635989
       -0.0189219571       -0.0013497941        0.0275957670
       -0.0001513017       -0.0000946561       -0.0000670052
       -0.0033489061       -0.0595328170        0.0043217110
        0.0000625546        0.0000464654       -0.0000793759
        0.0181266142       -0.0001377711       -0.0262002214
       -0.0000072897        0.0000163450       -0.0000006058
        0.0003735650        0.0018148633       -0.0009505877
        0.0004530460       -0.0005426856       -0.0005091241
        0.0000778710       -0.0000957109        0.0000010123
        0.0007678443        0.0014025055       -0.0006450272
       -0.0037567229       -0.0057405321       -0.0001175080
       -0.0000163683        0.0000052115        0.0000125126
        0.0002337869        0.0001023597       -0.0002285178
        0.0034536995        0.0665543800       -0.0049745308
        0.0005392591       -0.0001749716       -0.0006140642
        0.0000008527       -0.0000037032        0.0000048379
        0.0000466039       -0.0000576680       -0.0000259243
        0.0041300838       -0.0051932412        0.0000327304
       -0.0008810242        0.0012792268        0.0005989345
       -0.0000032159       -0.0000000423        0.0000008688
        0.0000035322        0.0000104204       -0.0000066788
       -0.0003922075       -0.0004738551        0.0004916770
       -0.0000613813       -0.0001075547       -0.0000107732
        0.0000042036       -0.0000023127        0.0000009718
       -0.0001248832        0.0003479319        0.0003054679
        0.0002729306       -0.0003111698       -0.0002697737
       -0.0002772229       -0.0003101451        0.0000542412
       -0.0004128093        0.0002447442        0.0004104320
        0.1148873924        0.0044296615       -0.2195886717
        0.0000993399        0.0000703351       -0.0000478013
       -0.0002271017        0.0004392993       -0.0000361537
       -0.0000335190        0.0000251740        0.0000057829
        0.0000359112        0.0001724556       -0.0001140360
       -0.0004909224        0.0004720451        0.0005731268
        0.0000878522        0.0000068218        0.0000033479
        0.0003173808        0.0006442232        0.0010897320
       -0.0001831391       -0.0001140601        0.0018702273
       -0.0000062484       -0.0000125128       -0.0000341909
       -0.0001019859       -0.0002285177       -0.0000014520
       -0.1302141057       -0.0049745308        0.2368563534
        0.0167855935        0.0006140642       -0.0245638904
       -0.0000016090        0.0000043919       -0.0000093871
       -0.0000158555        0.0000233646        0.0000365943
       -0.0002338264        0.0000931605        0.0019131825
        0.0003775515       -0.0006141571        0.0011014775
        0.0000034131       -0.0000031081       -0.0000003837
       -0.0000057324       -0.0000086564        0.0000048970
       -0.0003893343       -0.0005303746        0.0004541005
        0.0000700995        0.0000227491       -0.0000249073
        0.0000037994        0.0000219648       -0.0000025671
       -0.0003469420       -0.0001773512        0.0003215491
        0.0001175607        0.0012114587        0.0000158237
       -0.0122216833       -0.0006850550       -0.0177026706
        0.0001735373       -0.0001163143        0.0003053388
       -0.1433306276       -0.0033109016       -0.1125882708
       -0.0000171402       -0.0000235969        0.0000479634
       -0.0138506279       -0.0002366082       -0.0198786280
        0.0000165363       -0.0000042490       -0.0000083284
        0.0004638594       -0.0012475710        0.0001673954
        0.0000707913       -0.0000646150        0.0000881011
        0.0009154051       -0.0003422176        0.0004545425
       -0.0017057176       -0.0037479979        0.0001831031
        0.0001677101        0.0007664464        0.0003159080
        0.0001256691        0.0002337870        0.0001019858
       -0.0000492622       -0.0000163681       -0.0000062485
        0.0142140997        0.0005392591        0.0167855935
        0.1557858361        0.0034536994        0.1302141057
        0.0000315742       -0.0000384761        0.0000136154
        0.0000025568       -0.0000004589       -0.0000012298
        0.0003007484       -0.0008716056        0.0003492532
       -0.0022892686        0.0040332975        0.0002190477
       -0.0000001718        0.0000059404        0.0000063990
       -0.0000073095       -0.0000003702        0.0000014485
        0.0000724533        0.0000880042        0.0000864833
        0.0008826800        0.0004707887        0.0004183627
        0.0000002086       -0.0000142226       -0.0000014539
        0.0001318418       -0.0000818491        0.0004087228
       -0.0006084996        0.0019272779       -0.0010635989
       -0.0189219571       -0.0013497941       -0.0275957670
       -0.0001513017       -0.0000946561        0.0000670052
       -0.0033489061       -0.0595328170       -0.0043217112
        0.0000625546        0.0000464654        0.0000793759
        0.0181266142       -0.0001377711        0.0262002214
       -0.0000072897        0.0000163450        0.0000006058
        0.0003735650        0.0018148633        0.0009505877
        0.0000778710       -0.0000957110       -0.0000010123
        0.0004530460       -0.0005426855        0.0005091241
       -0.0037567229       -0.0057405319        0.0001175080
        0.0007678443        0.0014025053        0.0006450272
        0.0002337869        0.0001023597        0.0002285176
       -0.0000163683        0.0000052115       -0.0000125128
        0.0005392593       -0.0001749716        0.0006140642
        0.0034536994        0.0665543800        0.0049745308
        0.0000466038       -0.0000576680        0.0000259243
        0.0000008528       -0.0000037032       -0.0000048379
       -0.0008810241        0.0012792268       -0.0005989345
        0.0041300838       -0.0051932412       -0.0000327304
        0.0000035321        0.0000104205        0.0000066787
       -0.0000032158       -0.0000000424       -0.0000008690
       -0.0000613812       -0.0001075546        0.0000107733
       -0.0003922076       -0.0004738553       -0.0004916769
        0.0000042036       -0.0000023127       -0.0000009718
       -0.0001248832        0.0003479319       -0.0003054679
       -0.0002729305        0.0003111698       -0.0002697737
        0.0002772229        0.0003101451        0.0000542411
        0.0004128093       -0.0002447442        0.0004104320
       -0.1148873924       -0.0044296616       -0.2195886716
       -0.0000993399       -0.0000703350       -0.0000478014
        0.0002271017       -0.0004392993       -0.0000361537
        0.0000335190       -0.0000251740        0.0000057828
       -0.0000359112       -0.0001724556       -0.0001140360
       -0.0000878522       -0.0000068217        0.0000033480
        0.0004909224       -0.0004720452        0.0005731269
        0.0001831391        0.0001140600        0.0018702274
       -0.0003173809       -0.0006442231        0.0010897320
        0.0001019859        0.0002285177       -0.0000014519
        0.0000062484        0.0000125128       -0.0000341908
       -0.0167855935       -0.0006140642       -0.0245638904
        0.1302141057        0.0049745308        0.2368563533
        0.0000158556       -0.0000233646        0.0000365943
        0.0000016090       -0.0000043918       -0.0000093871
       -0.0003775515        0.0006141571        0.0011014775
        0.0002338264       -0.0000931606        0.0019131825
        0.0000057324        0.0000086562        0.0000048971
       -0.0000034131        0.0000031083       -0.0000003835
       -0.0000700995       -0.0000227493       -0.0000249074
        0.0003893343        0.0005303747        0.0004541004
       -0.0000037995       -0.0000219648       -0.0000025671
        0.0003469420        0.0001773512        0.0003215491
        0.0001840290       -0.0013646107       -0.0000681563
        0.0001496464        0.0001362366        0.0003145043
       -0.0138753554       -0.0000687384       -0.0200673829
       -0.0000153765        0.0000209064        0.0000547502
       -0.1449744818       -0.0031736206       -0.1141451502
        0.0000199763        0.0000006809       -0.0000104623
       -0.0114019472       -0.0003415010       -0.0165754156
       -0.0000122445        0.0000036231       -0.0000045403
        0.0000700035        0.0000785977        0.0000888269
        0.0009265766        0.0004537340        0.0004987404
        0.0001642339       -0.0002331136        0.0001208276
       -0.0000519996        0.0000124787       -0.0000074295
       -0.0022892684        0.0041300839        0.0002338266
        0.0003007486       -0.0008810241        0.0003775516
        0.0000025566        0.0000008527       -0.0000016090
        0.0000315742        0.0000466038        0.0000158556
        0.1567264428        0.0036729649        0.1314348826
        0.0143752511        0.0006257124        0.0167617664
       -0.0000061489        0.0000014165        0.0000012313
        0.0000027450       -0.0000054071        0.0000081070
       -0.0014071752       -0.0038508619        0.0002405880
        0.0000775718        0.0008162818        0.0002871488
        0.0000002660       -0.0000001194        0.0000001976
        0.0000057075        0.0000023913        0.0000050146
        0.0009967458       -0.0000906313        0.0004330632
        0.0000011959        0.0000070365       -0.0000003618
        0.0004742794        0.0018774872        0.0010574942
        0.0001750329       -0.0000707612       -0.0000451632
        0.0181480894       -0.0000382727        0.0263052039
       -0.0000694418        0.0000438036       -0.0000766032
       -0.0035159459       -0.0593464628       -0.0045340694
        0.0000082081        0.0000185905       -0.0000002333
       -0.0197528767       -0.0008691318       -0.0279373041
       -0.0000006943        0.0000032863        0.0000016812
       -0.0000654221       -0.0000942409        0.0000055278
       -0.0003451930       -0.0005429729       -0.0004725706
       -0.0002295776        0.0000663158       -0.0002201695
        0.0000112934        0.0000076067        0.0000123080
        0.0040332975       -0.0051932412       -0.0000931605
       -0.0008716056        0.0012792268       -0.0006141572
       -0.0000004589       -0.0000037032        0.0000043919
       -0.0000384761       -0.0000576680       -0.0000233646
        0.0036729649        0.0662805520        0.0052314426
        0.0006257125       -0.0001784269        0.0005502387
        0.0000014165       -0.0000007640        0.0000013282
       -0.0000054071        0.0000085223       -0.0000067722
       -0.0041785407       -0.0058005894        0.0003168086
        0.0007658412        0.0014598040        0.0006742504
       -0.0000003105       -0.0000005736        0.0000006528
       -0.0000023521       -0.0000028094       -0.0000025839
        0.0011597230        0.0011549379       -0.0001353909
        0.0000003318       -0.0000009350        0.0000000554
       -0.0002319468       -0.0003364396       -0.0002706159
        0.0003879253        0.0002749592        0.0004148325
        0.0001845888       -0.0002044158       -0.0000801529
       -0.0001043994        0.0000647786       -0.0000471735
       -0.1167281774       -0.0043082126       -0.2218882649
        0.0000356766        0.0000233518        0.0000046013
        0.0011153619        0.0002938993        0.0012401621
       -0.0000182148        0.0000073498       -0.0000081073
       -0.0000882075        0.0000032469        0.0000011690
        0.0004579895        0.0005084203        0.0005775228
        0.0001207493       -0.0002228936       -0.0000010951
        0.0000083384       -0.0000127663       -0.0000354137
        0.0002190480       -0.0000327304        0.0019131828
       -0.0003492530        0.0005989345        0.0011014777
        0.0000012296        0.0000048379       -0.0000093871
        0.0000136154        0.0000259243        0.0000365943
        0.1314348826        0.0052314426        0.2387878139
       -0.0167617667       -0.0005502388       -0.0246092593
       -0.0000012312       -0.0000013282       -0.0000013732
        0.0000081069       -0.0000067721        0.0000058610
        0.0006366648        0.0000987814        0.0018116771
       -0.0003877220       -0.0005740258        0.0010176795
       -0.0000002262        0.0000004573       -0.0000024545
        0.0000047033        0.0000029665        0.0000089932
        0.0000371194       -0.0008971905        0.0000329882
        0.0000041766        0.0000075119        0.0000006244
        0.0001840285       -0.0013646103        0.0000681563
        0.0001496469        0.0001362363       -0.0003145042
       -0.0138753545       -0.0000687381        0.0200673829
       -0.0000153774        0.0000209060       -0.0000547498
       -0.1449744821       -0.0031736213        0.1141451504
        0.0000199767        0.0000006815        0.0000104623
       -0.0114019474       -0.0003415007        0.0165754156
       -0.0000122443        0.0000036228        0.0000045403
        0.0009265763        0.0004537340       -0.0004987400
        0.0000700032        0.0000785975       -0.0000888274
       -0.0000519992        0.0000124785        0.0000074299
        0.0001642342       -0.0002331132       -0.0001208282
        0.0003007485       -0.0008810242       -0.0003775513
       -0.0022892685        0.0041300837       -0.0002338263
        0.0000315742        0.0000466039       -0.0000158555
        0.0000025568        0.0000008528        0.0000016090
        0.0143752511        0.0006257125       -0.0167617667
        0.1567264425        0.0036729649       -0.1314348824
        0.0000027452       -0.0000054072       -0.0000081072
       -0.0000061488        0.0000014166       -0.0000012310
        0.0000775722        0.0008162817       -0.0002871483
       -0.0014071751       -0.0038508617       -0.0002405883
        0.0000057070        0.0000023912       -0.0000050143
        0.0000002660       -0.0000001194       -0.0000001981
        0.0009967459       -0.0000906313       -0.0004330632
        0.0000011958        0.0000070365        0.0000003618
        0.0004742794        0.0018774870       -0.0010574942
        0.0001750329       -0.0000707612        0.0000451632
        0.0181480894       -0.0000382729       -0.0263052038
       -0.0000694419        0.0000438038        0.0000766032
       -0.0035159458       -0.0593464627        0.0045340694
        0.0000082080        0.0000185905        0.0000002333
       -0.0197528767       -0.0008691315        0.0279373041
       -0.0000006943        0.0000032861       -0.0000016812
       -0.0003451930       -0.0005429730        0.0004725706
       -0.0000654221       -0.0000942408       -0.0000055278
        0.0000112934        0.0000076067       -0.0000123080
       -0.0002295776        0.0000663157        0.0002201696
       -0.0008716056        0.0012792268        0.0006141571
        0.0040332975       -0.0051932412        0.0000931605
       -0.0000384760       -0.0000576680        0.0000233646
       -0.0000004589       -0.0000037032       -0.0000043918
        0.0006257124       -0.0001784269       -0.0005502388
        0.0036729649        0.0662805520       -0.0052314425
       -0.0000054071        0.0000085223        0.0000067721
        0.0000014166       -0.0000007640       -0.0000013281
        0.0007658412        0.0014598041       -0.0006742504
       -0.0041785407       -0.0058005894       -0.0003168086
       -0.0000023521       -0.0000028094        0.0000025839
       -0.0000003105       -0.0000005736       -0.0000006528
        0.0011597231        0.0011549377        0.0001353909
        0.0000003317       -0.0000009348       -0.0000000554
        0.0002319468        0.0003364395       -0.0002706159
       -0.0003879253       -0.0002749591        0.0004148324
       -0.0001845887        0.0002044156       -0.0000801529
        0.0001043993       -0.0000647784       -0.0000471741
        0.1167281774        0.0043082127       -0.2218882650
       -0.0000356767       -0.0000233519        0.0000046013
       -0.0011153620       -0.0002938990        0.0012401621
        0.0000182148       -0.0000073501       -0.0000081073
       -0.0004579895       -0.0005084205        0.0005775229
        0.0000882075       -0.0000032467        0.0000011691
       -0.0000083385        0.0000127668       -0.0000354136
       -0.0001207493        0.0002228930       -0.0000010950
        0.0003492529       -0.0005989345        0.0011014772
       -0.0002190480        0.0000327304        0.0019131823
       -0.0000136151       -0.0000259243        0.0000365943
       -0.0000012298       -0.0000048379       -0.0000093871
        0.0167617664        0.0005502387       -0.0246092593
       -0.1314348824       -0.0052314425        0.2387878140
       -0.0000081070        0.0000067722        0.0000058608
        0.0000012313        0.0000013281       -0.0000013733
        0.0003877217        0.0005740260        0.0010176794
       -0.0006366645       -0.0000987817        0.0018116769
       -0.0000047029       -0.0000029664        0.0000089934
        0.0000002259       -0.0000004574       -0.0000024543
       -0.0000371193        0.0008971904        0.0000329882
       -0.0000041767       -0.0000075118        0.0000006245
        0.0001496462        0.0001362367       -0.0003145043
        0.0001840290       -0.0013646107        0.0000681562
       -0.0000153767        0.0000209064       -0.0000547500
       -0.0138753553       -0.0000687387        0.0200673827
        0.0000199764        0.0000006808        0.0000104623
       -0.1449744815       -0.0031736204        0.1141451503
       -0.0000122444        0.0000036229        0.0000045403
       -0.0114019473       -0.0003415006        0.0165754156
        0.0001642340       -0.0002331136       -0.0001208277
       -0.0000519995        0.0000124785        0.0000074295
        0.0000700035        0.0000785977       -0.0000888268
        0.0009265767        0.0004537338       -0.0004987405
        0.0000025567        0.0000008526        0.0000016089
        0.0000315741        0.0000466038       -0.0000158558
       -0.0022892685        0.0041300838       -0.0002338264
        0.0003007484       -0.0008810241       -0.0003775515
       -0.0000061489        0.0000014165       -0.0000012312
        0.0000027452       -0.0000054071       -0.0000081070
        0.1567264427        0.0036729649       -0.1314348826
        0.0143752512        0.0006257124       -0.0167617665
        0.0000002662       -0.0000001194       -0.0000001977
        0.0000057076        0.0000023911       -0.0000050147
       -0.0014071751       -0.0038508619       -0.0002405879
        0.0000775719        0.0008162816       -0.0002871487
        0.0000011959        0.0000070368        0.0000003618
        0.0009967461       -0.0000906313       -0.0004330632
        0.0001750329       -0.0000707612        0.0000451632
        0.0004742795        0.0018774872       -0.0010574943
       -0.0000694418        0.0000438036        0.0000766032
        0.0181480894       -0.0000382726       -0.0263052038
        0.0000082080        0.0000185905        0.0000002333
       -0.0035159459       -0.0593464627        0.0045340694
       -0.0000006944        0.0000032863       -0.0000016812
       -0.0197528767       -0.0008691318        0.0279373041
       -0.0002295775        0.0000663158        0.0002201696
        0.0000112934        0.0000076067       -0.0000123080
       -0.0000654221       -0.0000942409       -0.0000055278
       -0.0003451930       -0.0005429729        0.0004725706
       -0.0000004589       -0.0000037032       -0.0000043919
       -0.0000384761       -0.0000576680        0.0000233647
        0.0040332975       -0.0051932412        0.0000931605
       -0.0008716056        0.0012792268        0.0006141571
        0.0000014165       -0.0000007640       -0.0000013282
       -0.0000054072        0.0000085223        0.0000067722
        0.0036729649        0.0662805521       -0.0052314426
        0.0006257125       -0.0001784269       -0.0005502387
       -0.0000003105       -0.0000005736       -0.0000006528
       -0.0000023522       -0.0000028094        0.0000025839
       -0.0041785407       -0.0058005894       -0.0003168086
        0.0007658412        0.0014598041       -0.0006742504
        0.0000003318       -0.0000009350       -0.0000000554
        0.0011597229        0.0011549379        0.0001353909
       -0.0003879251       -0.0002749590        0.0004148324
        0.0002319469        0.0003364393       -0.0002706159
        0.0001043996       -0.0000647779       -0.0000471738
       -0.0001845886        0.0002044157       -0.0000801526
       -0.0000356770       -0.0000233519        0.0000046014
        0.1167281772        0.0043082126       -0.2218882649
        0.0000182148       -0.0000073502       -0.0000081073
       -0.0011153619       -0.0002938991        0.0012401620
       -0.0001207494        0.0002228935       -0.0000010950
       -0.0000083385        0.0000127665       -0.0000354138
        0.0000882075       -0.0000032469        0.0000011690
       -0.0004579895       -0.0005084199        0.0005775228
       -0.0000012295       -0.0000048379       -0.0000093868
       -0.0000136151       -0.0000259243        0.0000365946
       -0.0002190480        0.0000327304        0.0019131825
        0.0003492532       -0.0005989345        0.0011014775
        0.0000012313        0.0000013282       -0.0000013732
       -0.0000081072        0.0000067721        0.0000058608
       -0.1314348826       -0.0052314426        0.2387878140
        0.0167617663        0.0005502388       -0.0246092593
        0.0000002259       -0.0000004572       -0.0000024543
       -0.0000047035       -0.0000029661        0.0000089934
       -0.0006366651       -0.0000987814        0.0018116769
        0.0003877218        0.0005740261        0.0010176794
       -0.0000041769       -0.0000075120        0.0000006244
       -0.0000371196        0.0008971901        0.0000329882
        0.0001496463        0.0001362365        0.0003145043
        0.0001840290       -0.0013646104       -0.0000681564
       -0.0000153766        0.0000209060        0.0000547500
       -0.0138753554       -0.0000687383       -0.0200673831
        0.0000199765        0.0000006810       -0.0000104624
       -0.1449744816       -0.0031736206       -0.1141451503
       -0.0000122444        0.0000036232       -0.0000045403
       -0.0114019473       -0.0003415009       -0.0165754156
       -0.0000519995        0.0000124784       -0.0000074295
        0.0001642340       -0.0002331135        0.0001208278
        0.0009265766        0.0004537341        0.0004987405
        0.0000700035        0.0000785973        0.0000888269
        0.0000315741        0.0000466038        0.0000158555
        0.0000025566        0.0000008527       -0.0000016092
        0.0003007486       -0.0008810242        0.0003775515
       -0.0022892686        0.0041300838        0.0002338264
        0.0000027450       -0.0000054071        0.0000081069
       -0.0000061488        0.0000014166        0.0000012313
        0.0143752512        0.0006257125        0.0167617663
        0.1567264429        0.0036729649        0.1314348826
        0.0000057074        0.0000023912        0.0000050146
        0.0000002663       -0.0000001196        0.0000001976
        0.0000775721        0.0008162816        0.0002871488
       -0.0014071753       -0.0038508619        0.0002405880
        0.0000011960        0.0000070366       -0.0000003618
        0.0009967460       -0.0000906311        0.0004330632
        0.0001750329       -0.0000707611       -0.0000451632
        0.0004742795        0.0018774871        0.0010574942
       -0.0000694418        0.0000438038       -0.0000766032
        0.0181480895       -0.0000382728        0.0263052039
        0.0000082080        0.0000185904       -0.0000002333
       -0.0035159458       -0.0593464626       -0.0045340694
       -0.0000006943        0.0000032861        0.0000016812
       -0.0197528767       -0.0008691315       -0.0279373041
        0.0000112934        0.0000076068        0.0000123080
       -0.0002295775        0.0000663158       -0.0002201695
       -0.0003451930       -0.0005429729       -0.0004725706
       -0.0000654221       -0.0000942408        0.0000055278
       -0.0000384760       -0.0000576681       -0.0000233646
       -0.0000004589       -0.0000037032        0.0000043919
       -0.0008716057        0.0012792268       -0.0006141571
        0.0040332975       -0.0051932412       -0.0000931606
       -0.0000054071        0.0000085223       -0.0000067721
        0.0000014166       -0.0000007640        0.0000013281
        0.0006257124       -0.0001784269        0.0005502388
        0.0036729649        0.0662805520        0.0052314425
       -0.0000023521       -0.0000028094       -0.0000025838
       -0.0000003106       -0.0000005735        0.0000006529
        0.0007658412        0.0014598041        0.0006742504
       -0.0041785407       -0.0058005893        0.0003168086
        0.0000003317       -0.0000009349        0.0000000554
        0.0011597231        0.0011549377       -0.0001353909
        0.0003879251        0.0002749593        0.0004148324
       -0.0002319468       -0.0003364396       -0.0002706160
       -0.0001043997        0.0000647782       -0.0000471738
        0.0001845886       -0.0002044161       -0.0000801532
        0.0000356769        0.0000233518        0.0000046013
       -0.1167281771       -0.0043082125       -0.2218882650
       -0.0000182148        0.0000073499       -0.0000081073
        0.0011153619        0.0002938994        0.0012401621
        0.0000083385       -0.0000127668       -0.0000354137
        0.0001207494       -0.0002228934       -0.0000010950
        0.0004579895        0.0005084205        0.0005775229
       -0.0000882074        0.0000032464        0.0000011690
        0.0000136151        0.0000259243        0.0000365941
        0.0000012295        0.0000048379       -0.0000093874
       -0.0003492530        0.0005989345        0.0011014775
        0.0002190477       -0.0000327304        0.0019131825
        0.0000081070       -0.0000067722        0.0000058610
       -0.0000012310       -0.0000013281       -0.0000013733
       -0.0167617665       -0.0005502387       -0.0246092593
        0.1314348826        0.0052314425        0.2387878139
        0.0000047032        0.0000029663        0.0000089932
       -0.0000002257        0.0000004570       -0.0000024544
       -0.0003877214       -0.0005740260        0.0010176796
        0.0006366648        0.0000987812        0.0018116771
        0.0000041769        0.0000075122        0.0000006244
        0.0000371197       -0.0008971902        0.0000329882
        0.0001671528       -0.0000671950        0.0002603518
       -0.0000303016       -0.0000223123        0.0000532165
        0.0002817525        0.0012544142        0.0002070942
        0.0000334143       -0.0000007411       -0.0000118508
       -0.0121025174       -0.0002559137       -0.0177407304
       -0.0000226946       -0.0000032831       -0.0000047841
       -0.1442664406       -0.0063709973       -0.1191600403
        0.0000097869       -0.0000033660       -0.0000028886
       -0.0000538743       -0.0000215961        0.0000011554
        0.0001104000        0.0002195410        0.0000957162
        0.0000302908       -0.0000378799        0.0000103169
        0.0000030826        0.0000000068       -0.0000012332
        0.0008826798       -0.0003922076        0.0003893341
        0.0000724530       -0.0000613813        0.0000700991
       -0.0000073093       -0.0000032159        0.0000034131
       -0.0000001718        0.0000035321        0.0000057324
       -0.0014071752       -0.0041785407        0.0006366648
        0.0000775722        0.0007658412        0.0003877217
        0.0000002662       -0.0000003105        0.0000002259
        0.0000057074       -0.0000023521        0.0000047032
        0.1543102393        0.0094642667        0.1354346591
        0.0147021866        0.0008386111        0.0172725290
       -0.0000036973        0.0000001727        0.0000017027
       -0.0000003376        0.0000015878        0.0000017925
       -0.0127925402       -0.0011163106       -0.0179188365
        0.0000011645       -0.0000100745        0.0000000093
       -0.0001895985       -0.0000970493        0.0000988462
        0.0000857002        0.0000548984        0.0000835945
       -0.0004959062        0.0020998225       -0.0012106240
       -0.0000221334        0.0000186229        0.0000016059
       -0.0186561611       -0.0006582194       -0.0278816103
        0.0000061164        0.0000042186       -0.0000031134
       -0.0046877461       -0.0590030633       -0.0073066956
       -0.0000035935        0.0000006452       -0.0000009219
       -0.0000133677        0.0000074277       -0.0000208847
        0.0002389227        0.0001153269        0.0002265738
        0.0000451329       -0.0000586237        0.0000248016
        0.0000003431       -0.0000036885       -0.0000040520
        0.0004707888       -0.0004738551        0.0005303746
        0.0000880043       -0.0001075546        0.0000227492
       -0.0000003702       -0.0000000423       -0.0000031081
        0.0000059404        0.0000104205        0.0000086562
       -0.0038508619       -0.0058005894        0.0000987814
        0.0008162817        0.0014598041        0.0005740260
       -0.0000001194       -0.0000005736       -0.0000004572
        0.0000023912       -0.0000028094        0.0000029663
        0.0094642667        0.0607333000        0.0093168155
        0.0008386114       -0.0005905003        0.0007002700
        0.0000001727        0.0000002644       -0.0000009399
        0.0000015881        0.0000011881        0.0000022702
        0.0158545413        0.0022888825        0.0247397466
        0.0000007654        0.0000016819        0.0000000694
        0.0003741777       -0.0002076635        0.0003777786
       -0.0000944867       -0.0000649588       -0.0000431939
       -0.0000970920        0.0002814568       -0.0001683090
        0.0000386380       -0.0000204886        0.0000029908
        0.0007353380        0.0003848660        0.0008093625
       -0.0000225008       -0.0000058280       -0.0000087805
       -0.1202247598       -0.0096158369       -0.2264035078
        0.0000066526       -0.0000045212       -0.0000009816
        0.0000080680        0.0000111040       -0.0000309203
        0.0000869125        0.0002103054       -0.0000089566
        0.0000124204       -0.0000208574        0.0000330002
        0.0000012500       -0.0000044527       -0.0000092825
        0.0004183624       -0.0004916769        0.0004541000
       -0.0000864837       -0.0000107732       -0.0000249076
       -0.0000014481        0.0000008688       -0.0000003837
        0.0000063990        0.0000066787        0.0000048971
        0.0002405880        0.0003168086        0.0018116771
       -0.0002871483       -0.0006742504        0.0010176794
       -0.0000001977       -0.0000006528       -0.0000024543
        0.0000050146       -0.0000025838        0.0000089932
        0.1354346591        0.0093168155        0.2444972039
       -0.0172725288       -0.0007002703       -0.0236337397
       -0.0000017022        0.0000009399        0.0000002188
        0.0000017925        0.0000022698        0.0000026921
        0.0007161173        0.0013006623        0.0013166502
        0.0000007568       -0.0000076985       -0.0000003699
        0.0001671523       -0.0000671946       -0.0002603518
       -0.0000303011       -0.0000223126       -0.0000532165
        0.0002817534        0.0012544147       -0.0002070942
        0.0000334134       -0.0000007416        0.0000118503
       -0.0121025177       -0.0002559144        0.0177407304
       -0.0000226943       -0.0000032825        0.0000047841
       -0.1442664408       -0.0063709971        0.1191600403
        0.0000097871       -0.0000033663        0.0000028886
        0.0001103997        0.0002195407       -0.0000957157
       -0.0000538747       -0.0000215959       -0.0000011558
        0.0000030830        0.0000000075        0.0000012337
        0.0000302911       -0.0000378803       -0.0000103173
        0.0000724529       -0.0000613814       -0.0000700996
        0.0008826797       -0.0003922077       -0.0003893346
       -0.0000001714        0.0000035322       -0.0000057324
       -0.0000073095       -0.0000032158       -0.0000034131
        0.0000775718        0.0007658412       -0.0003877220
       -0.0014071751       -0.0041785407       -0.0006366645
        0.0000057076       -0.0000023522       -0.0000047035
        0.0000002663       -0.0000003106       -0.0000002257
        0.0147021866        0.0008386114       -0.0172725288
        0.1543102398        0.0094642665       -0.1354346597
       -0.0000003376        0.0000015881       -0.0000017919
       -0.0000036979        0.0000001724       -0.0000017028
       -0.0127925401       -0.0011163107        0.0179188365
        0.0000011644       -0.0000100745       -0.0000000093
       -0.0001895979       -0.0000970496       -0.0000988461
        0.0000856996        0.0000548987       -0.0000835945
       -0.0004959069        0.0020998221        0.0012106240
       -0.0000221327        0.0000186234       -0.0000016059
       -0.0186561607       -0.0006582188        0.0278816103
        0.0000061160        0.0000042180        0.0000031134
       -0.0046877461       -0.0590030632        0.0073066956
       -0.0000035936        0.0000006452        0.0000009219
        0.0002389229        0.0001153269       -0.0002265742
       -0.0000133674        0.0000074279        0.0000208851
        0.0000003428       -0.0000036885        0.0000040516
        0.0000451326       -0.0000586238       -0.0000248012
        0.0000880043       -0.0001075545       -0.0000227493
        0.0004707888       -0.0004738550       -0.0005303745
        0.0000059404        0.0000104204       -0.0000086564
       -0.0000003702       -0.0000000424        0.0000031083
        0.0008162818        0.0014598040       -0.0005740258
       -0.0038508617       -0.0058005894       -0.0000987817
        0.0000023911       -0.0000028094       -0.0000029661
       -0.0000001196       -0.0000005735        0.0000004570
        0.0008386111       -0.0005905003       -0.0007002703
        0.0094642665        0.0607332999       -0.0093168152
        0.0000015884        0.0000011882       -0.0000022705
        0.0000001730        0.0000002644        0.0000009402
        0.0158545414        0.0022888823       -0.0247397466
        0.0000007654        0.0000016820       -0.0000000694
       -0.0003741771        0.0002076631        0.0003777785
        0.0000944861        0.0000649592       -0.0000431938
        0.0000970912       -0.0002814574       -0.0001683090
       -0.0000386372        0.0000204892        0.0000029915
       -0.0007353376       -0.0003848653        0.0008093626
        0.0000225004        0.0000058273       -0.0000087804
        0.1202247599        0.0096158369       -0.2264035079
       -0.0000066527        0.0000045212       -0.0000009816
       -0.0000869122       -0.0002103050       -0.0000089570
       -0.0000080677       -0.0000111042       -0.0000309199
       -0.0000012504        0.0000044519       -0.0000092829
       -0.0000124207        0.0000208580        0.0000330006
        0.0000864837        0.0000107733       -0.0000249071
       -0.0004183624        0.0004916770        0.0004541008
       -0.0000063993       -0.0000066788        0.0000048970
        0.0000014485       -0.0000008690       -0.0000003835
        0.0002871488        0.0006742504        0.0010176795
       -0.0002405883       -0.0003168086        0.0018116769
       -0.0000050147        0.0000025839        0.0000089934
        0.0000001976        0.0000006529       -0.0000024544
        0.0172725290        0.0007002700       -0.0236337397
       -0.1354346597       -0.0093168152        0.2444972047
       -0.0000017926       -0.0000022701        0.0000026915
        0.0000017028       -0.0000009396        0.0000002188
       -0.0007161173       -0.0013006624        0.0013166502
       -0.0000007569        0.0000076987       -0.0000003699
       -0.0000303019       -0.0000223121       -0.0000532165
        0.0001671536       -0.0000671951       -0.0002603518
        0.0000334154       -0.0000007407        0.0000118506
        0.0002817519        0.0012544143       -0.0002070939
       -0.0000226953       -0.0000032837        0.0000047841
       -0.0121025172       -0.0002559131        0.0177407304
        0.0000097868       -0.0000033658        0.0000028886
       -0.1442664405       -0.0063709976        0.1191600403
        0.0000302905       -0.0000378799       -0.0000103164
        0.0000030824        0.0000000070        0.0000012328
       -0.0000538740       -0.0000215960       -0.0000011550
        0.0001104004        0.0002195414       -0.0000957166
       -0.0000073094       -0.0000032160       -0.0000034127
       -0.0000001716        0.0000035320       -0.0000057322
        0.0008826798       -0.0003922075       -0.0003893343
        0.0000724533       -0.0000613812       -0.0000700995
        0.0000002660       -0.0000003105       -0.0000002262
        0.0000057070       -0.0000023521       -0.0000047029
       -0.0014071751       -0.0041785407       -0.0006366651
        0.0000775721        0.0007658412       -0.0003877214
       -0.0000036973        0.0000001727       -0.0000017022
       -0.0000003376        0.0000015884       -0.0000017926
        0.1543102388        0.0094642668       -0.1354346590
        0.0147021861        0.0008386117       -0.0172725295
        0.0000011642       -0.0000100748       -0.0000000093
       -0.0127925405       -0.0011163109        0.0179188365
        0.0000857002        0.0000548984       -0.0000835945
       -0.0001895983       -0.0000970493       -0.0000988462
       -0.0000221335        0.0000186230       -0.0000016059
       -0.0004959060        0.0020998224        0.0012106240
        0.0000061164        0.0000042186        0.0000031133
       -0.0186561610       -0.0006582193        0.0278816103
       -0.0000035934        0.0000006450        0.0000009219
       -0.0046877463       -0.0590030630        0.0073066956
        0.0000451329       -0.0000586237       -0.0000248016
        0.0000003432       -0.0000036884        0.0000040521
       -0.0000133677        0.0000074277        0.0000208847
        0.0002389227        0.0001153269       -0.0002265738
       -0.0000003701       -0.0000000423        0.0000031082
        0.0000059405        0.0000104205       -0.0000086563
        0.0004707887       -0.0004738551       -0.0005303746
        0.0000880042       -0.0001075546       -0.0000227493
       -0.0000001194       -0.0000005736        0.0000004573
        0.0000023912       -0.0000028094       -0.0000029664
       -0.0038508619       -0.0058005894       -0.0000987814
        0.0008162816        0.0014598041       -0.0005740260
        0.0000001727        0.0000002644        0.0000009399
        0.0000015881        0.0000011882       -0.0000022701
        0.0094642668        0.0607333000       -0.0093168155
        0.0008386114       -0.0005905003       -0.0007002700
        0.0000007653        0.0000016821       -0.0000000694
        0.0158545415        0.0022888823       -0.0247397466
        0.0000944857        0.0000649591       -0.0000431938
       -0.0003741774        0.0002076633        0.0003777785
       -0.0000386376        0.0000204887        0.0000029912
        0.0000970909       -0.0002814576       -0.0001683093
        0.0000225007        0.0000058274       -0.0000087805
       -0.0007353373       -0.0003848654        0.0008093626
       -0.0000066527        0.0000045212       -0.0000009816
        0.1202247599        0.0096158369       -0.2264035079
       -0.0000124207        0.0000208573        0.0000330006
       -0.0000012503        0.0000044523       -0.0000092829
       -0.0000080677       -0.0000111039       -0.0000309199
       -0.0000869122       -0.0002103057       -0.0000089570
        0.0000014481       -0.0000008689       -0.0000003839
       -0.0000063993       -0.0000066788        0.0000048966
       -0.0004183624        0.0004916770        0.0004541005
        0.0000864833        0.0000107733       -0.0000249074
        0.0000001976        0.0000006528       -0.0000024545
       -0.0000050143        0.0000025839        0.0000089934
       -0.0002405879       -0.0003168086        0.0018116769
        0.0002871488        0.0006742504        0.0010176796
        0.0000017027       -0.0000009399        0.0000002188
       -0.0000017919       -0.0000022705        0.0000026915
       -0.1354346590       -0.0093168155        0.2444972047
        0.0172725289        0.0007002697       -0.0236337397
       -0.0000007566        0.0000076991       -0.0000003699
       -0.0007161169       -0.0013006621        0.0013166502
       -0.0000303014       -0.0000223123        0.0000532165
        0.0001671531       -0.0000671950        0.0002603518
        0.0000334144       -0.0000007408       -0.0000118506
        0.0002817529        0.0012544144        0.0002070944
       -0.0000226950       -0.0000032832       -0.0000047841
       -0.0121025176       -0.0002559136       -0.0177407304
        0.0000097870       -0.0000033663       -0.0000028886
       -0.1442664407       -0.0063709971       -0.1191600403
        0.0000030827        0.0000000074       -0.0000012332
        0.0000302908       -0.0000378801        0.0000103169
        0.0001104000        0.0002195408        0.0000957162
       -0.0000538743       -0.0000215956        0.0000011554
       -0.0000001715        0.0000035321        0.0000057327
       -0.0000073093       -0.0000032159        0.0000034132
        0.0000724529       -0.0000613813        0.0000700995
        0.0008826800       -0.0003922076        0.0003893343
        0.0000057075       -0.0000023521        0.0000047033
        0.0000002660       -0.0000003105        0.0000002259
        0.0000775719        0.0007658412        0.0003877218
       -0.0014071753       -0.0041785407        0.0006366648
       -0.0000003376        0.0000015881        0.0000017925
       -0.0000036979        0.0000001730        0.0000017028
        0.0147021861        0.0008386114        0.0172725289
        0.1543102394        0.0094642670        0.1354346591
        0.0000011641       -0.0000100746        0.0000000093
       -0.0127925403       -0.0011163111       -0.0179188365
        0.0000857008        0.0000548979        0.0000835945
       -0.0001895990       -0.0000970488        0.0000988461
       -0.0000221342        0.0000186222        0.0000016059
       -0.0004959053        0.0020998232       -0.0012106240
        0.0000061169        0.0000042194       -0.0000031134
       -0.0186561615       -0.0006582201       -0.0278816103
       -0.0000035933        0.0000006453       -0.0000009219
       -0.0046877463       -0.0590030633       -0.0073066956
        0.0000003435       -0.0000036883       -0.0000040525
        0.0000451332       -0.0000586236        0.0000248021
        0.0002389223        0.0001153267        0.0002265734
       -0.0000133680        0.0000074276       -0.0000208842
        0.0000059405        0.0000104206        0.0000086562
       -0.0000003702       -0.0000000421       -0.0000031081
        0.0000880042       -0.0001075547        0.0000227491
        0.0004707887       -0.0004738553        0.0005303747
        0.0000023913       -0.0000028094        0.0000029665
       -0.0000001194       -0.0000005736       -0.0000004574
        0.0008162816        0.0014598041        0.0005740261
       -0.0038508619       -0.0058005893        0.0000987812
        0.0000015878        0.0000011881        0.0000022698
        0.0000001724        0.0000002644       -0.0000009396
        0.0008386117       -0.0005905003        0.0007002697
        0.0094642670        0.0607333000        0.0093168158
        0.0000007655        0.0000016817        0.0000000694
        0.0158545413        0.0022888826        0.0247397466
       -0.0000944863       -0.0000649588       -0.0000431939
        0.0003741780       -0.0002076635        0.0003777786
        0.0000386383       -0.0000204883        0.0000029912
       -0.0000970917        0.0002814571       -0.0001683087
       -0.0000225011       -0.0000058280       -0.0000087804
        0.0007353377        0.0003848660        0.0008093626
        0.0000066526       -0.0000045212       -0.0000009816
       -0.1202247598       -0.0096158369       -0.2264035078
        0.0000012501       -0.0000044520       -0.0000092825
        0.0000124205       -0.0000208577        0.0000330002
        0.0000869125        0.0002103051       -0.0000089566
        0.0000080680        0.0000111047       -0.0000309203
        0.0000063993        0.0000066787        0.0000048974
       -0.0000014481        0.0000008688       -0.0000003833
       -0.0000864837       -0.0000107732       -0.0000249073
        0.0004183627       -0.0004916769        0.0004541004
        0.0000050146       -0.0000025839        0.0000089932
       -0.0000001981       -0.0000006528       -0.0000024543
       -0.0002871487       -0.0006742504        0.0010176794
        0.0002405880        0.0003168086        0.0018116771
        0.0000017925        0.0000022702        0.0000026921
       -0.0000017028        0.0000009402        0.0000002188
       -0.0172725295       -0.0007002700       -0.0236337397
        0.1354346591        0.0093168158        0.2444972039
        0.0000007565       -0.0000076989       -0.0000003699
        0.0007161170        0.0013006620        0.0013166502
        0.0010947946       -0.0009762876        0.0000000000
       -0.0003475333       -0.0003093021       -0.0000000001
       -0.0029304389       -0.0028363198        0.0000000000
        0.0001148267       -0.0000830208       -0.0000000000
        0.0151819247       -0.0182226752       -0.0000000001
       -0.0000390659       -0.0000300021        0.0000000000
       -0.1532340824        0.1255923315       -0.0000000000
        0.0000118573       -0.0000112944        0.0000000000
        0.0000311011        0.0000889671        0.0000367666
        0.0000311011        0.0000889670       -0.0000367664
       -0.0000013274        0.0000104685        0.0000221030
       -0.0000013274        0.0000104684       -0.0000221029
        0.0001318417       -0.0001248833        0.0003469420
        0.0001318417       -0.0001248833       -0.0003469421
        0.0000002087        0.0000042036        0.0000037994
        0.0000002086        0.0000042036       -0.0000037995
        0.0009967458        0.0011597230        0.0000371194
        0.0009967459        0.0011597231       -0.0000371193
        0.0000011959        0.0000003318       -0.0000041769
        0.0000011960        0.0000003317        0.0000041769
       -0.0127925402        0.0158545413        0.0007161173
       -0.0127925401        0.0158545414       -0.0007161173
        0.0000011642        0.0000007653       -0.0000007566
        0.0000011641        0.0000007655        0.0000007565
        0.1634156692       -0.1371044168        0.0000000000
       -0.0000035507       -0.0000030552        0.0000000000
        0.0022354293       -0.0010177617       -0.0000000000
       -0.0007992320       -0.0004687505        0.0000000002
       -0.0067565852       -0.0042875794       -0.0000000000
        0.0003558758       -0.0001409562        0.0000000000
        0.0222877770       -0.0223049553        0.0000000002
       -0.0001540059       -0.0000557534        0.0000000000
        0.1225962830       -0.2214493902        0.0000000000
        0.0000673266       -0.0000262997        0.0000000000
       -0.0000749371       -0.0000066704        0.0001425140
       -0.0000749371       -0.0000066703       -0.0001425142
        0.0000188853        0.0000171527        0.0000374934
        0.0000188854        0.0000171528       -0.0000374936
       -0.0000818492        0.0003479318        0.0001773513
       -0.0000818492        0.0003479318       -0.0001773512
       -0.0000142226       -0.0000023127        0.0000219648
       -0.0000142226       -0.0000023127       -0.0000219648
       -0.0000906313        0.0011549379       -0.0008971905
       -0.0000906313        0.0011549377        0.0008971904
        0.0000070368       -0.0000009350       -0.0000075120
        0.0000070366       -0.0000009349        0.0000075122
       -0.0011163106        0.0022888825        0.0013006623
       -0.0011163107        0.0022888823       -0.0013006624
       -0.0000100748        0.0000016821        0.0000076991
       -0.0000100746        0.0000016817       -0.0000076989
       -0.1371044168        0.2422026700        0.0000000000
       -0.0000030552       -0.0000492760       -0.0000000000
        0.0000000000        0.0000000000        0.0006587874
        0.0000000000        0.0000000000       -0.0000180411
        0.0000000000        0.0000000000        0.0002084552
        0.0000000000        0.0000000000        0.0000027048
        0.0000000000        0.0000000000       -0.0010002196
        0.0000000000        0.0000000000       -0.0000067040
        0.0000000000        0.0000000000       -0.0586145812
        0.0000000000        0.0000000000        0.0000018914
       -0.0000514719       -0.0000910956       -0.0000209843
        0.0000514719        0.0000910956       -0.0000209843
       -0.0000032520       -0.0000029321        0.0000051410
        0.0000032520        0.0000029321        0.0000051410
        0.0004087228       -0.0003054679        0.0003215491
       -0.0004087228        0.0003054679        0.0003215491
        0.0000014539        0.0000009718       -0.0000025671
       -0.0000014539       -0.0000009718       -0.0000025671
        0.0004330632       -0.0001353909        0.0000329882
       -0.0004330632        0.0001353909        0.0000329882
        0.0000003618       -0.0000000554        0.0000006244
       -0.0000003618        0.0000000554        0.0000006244
       -0.0179188365        0.0247397466        0.0013166502
        0.0179188365       -0.0247397466        0.0013166502
       -0.0000000093       -0.0000000694       -0.0000003699
        0.0000000093        0.0000000694       -0.0000003699
        0.0000000000        0.0000000000        0.0554619531
        0.0000000000        0.0000000000       -0.0000000925
       -0.0003475339       -0.0003093020        0.0000000000
        0.0010947951       -0.0009762879        0.0000000001
        0.0001148275       -0.0000830206       -0.0000000000
       -0.0029304398       -0.0028363201        0.0000000000
       -0.0000390663       -0.0000300026        0.0000000001
        0.0151819250       -0.0182226747        0.0000000000
        0.0000118571       -0.0000112942        0.0000000000
       -0.1532340823        0.1255923312        0.0000000000
       -0.0000013277        0.0000104685       -0.0000221025
       -0.0000013277        0.0000104685        0.0000221023
        0.0000311014        0.0000889672       -0.0000367662
        0.0000311014        0.0000889673        0.0000367662
        0.0000002086        0.0000042035       -0.0000037994
        0.0000002086        0.0000042035        0.0000037994
        0.0001318417       -0.0001248832       -0.0003469420
        0.0001318418       -0.0001248832        0.0003469420
        0.0000011959        0.0000003318        0.0000041766
        0.0000011958        0.0000003317       -0.0000041767
        0.0009967461        0.0011597229       -0.0000371196
        0.0009967460        0.0011597231        0.0000371197
        0.0000011645        0.0000007654        0.0000007568
        0.0000011644        0.0000007654       -0.0000007569
       -0.0127925405        0.0158545415       -0.0007161169
       -0.0127925403        0.0158545413        0.0007161170
       -0.0000035507       -0.0000030552        0.0000000000
        0.1634156692       -0.1371044169        0.0000000000
       -0.0007992326       -0.0004687501        0.0000000000
        0.0022354300       -0.0010177618       -0.0000000002
        0.0003558769       -0.0001409560        0.0000000000
       -0.0067565859       -0.0042875795       -0.0000000000
       -0.0001540063       -0.0000557541       -0.0000000002
        0.0222877773       -0.0223049546        0.0000000000
        0.0000673264       -0.0000262993        0.0000000000
        0.1225962832       -0.2214493904        0.0000000000
        0.0000188850        0.0000171527       -0.0000374932
        0.0000188850        0.0000171525        0.0000374933
       -0.0000749368       -0.0000066703       -0.0001425134
       -0.0000749368       -0.0000066704        0.0001425136
       -0.0000142227       -0.0000023128       -0.0000219647
       -0.0000142227       -0.0000023128        0.0000219647
       -0.0000818491        0.0003479319       -0.0001773512
       -0.0000818491        0.0003479319        0.0001773512
        0.0000070365       -0.0000009350        0.0000075119
        0.0000070365       -0.0000009348       -0.0000075118
       -0.0000906313        0.0011549379        0.0008971901
       -0.0000906311        0.0011549377       -0.0008971902
       -0.0000100745        0.0000016819       -0.0000076985
       -0.0000100745        0.0000016820        0.0000076987
       -0.0011163109        0.0022888823       -0.0013006621
       -0.0011163111        0.0022888826        0.0013006620
       -0.0000030552       -0.0000492760        0.0000000000
       -0.1371044169        0.2422026701        0.0000000000
        0.0000000000       -0.0000000000       -0.0000180411
        0.0000000000        0.0000000000        0.0006587874
        0.0000000000       -0.0000000000        0.0000027048
       -0.0000000000        0.0000000000        0.0002084552
        0.0000000000        0.0000000000       -0.0000067040
        0.0000000000        0.0000000000       -0.0010002196
        0.0000000000        0.0000000000        0.0000018914
        0.0000000000       -0.0000000000       -0.0586145812
        0.0000032520        0.0000029321        0.0000051410
       -0.0000032520       -0.0000029321        0.0000051410
        0.0000514719        0.0000910956       -0.0000209843
       -0.0000514719       -0.0000910956       -0.0000209843
       -0.0000014540       -0.0000009718       -0.0000025671
        0.0000014539        0.0000009718       -0.0000025671
       -0.0004087228        0.0003054679        0.0003215491
        0.0004087228       -0.0003054679        0.0003215491
       -0.0000003618        0.0000000554        0.0000006244
        0.0000003618       -0.0000000554        0.0000006245
       -0.0004330632        0.0001353909        0.0000329882
        0.0004330632       -0.0001353909        0.0000329882
        0.0000000093        0.0000000694       -0.0000003699
       -0.0000000093       -0.0000000694       -0.0000003699
        0.0179188365       -0.0247397466        0.0013166502
       -0.0179188365        0.0247397466        0.0013166502
        0.0000000000       -0.0000000000       -0.0000000925
        0.0000000000        0.0000000000        0.0554619531
