Molecule,Ref. Freq,Natty Freq,Ref - Nat,Redundant Freq,Ref - Redundant,Nat - Redundant
61_ClF3,336.9619878459033,336.96198784590325,5.684341886080802e-14,336.9619878459034,-1.1368683772161603e-13,-1.7053025658242404e-13
,338.427546109313,338.5761066097701,-0.1485605004570516,338.57610660977195,-0.14856050045892744,-1.8758328224066645e-12
,441.9562591208588,441.9176549496314,0.038604171227405004,441.9176549496311,0.03860417122768922,2.8421709430404007e-13
,543.988967504848,544.0430341773285,-0.05406667248053054,544.0430341773298,-0.0540666724817811,-1.2505552149377763e-12
,735.5942852589362,735.6748137133566,-0.08052845442034595,735.6748137133566,-0.08052845442034595,0.0
,765.5790595731648,765.4923706998692,0.08668887329565678,765.4923706998701,0.08668887329474728,-9.094947017729282e-13
,,,,,,
,,,,,,
,,,,,,
