Molecule,Ref. Freq,Natty Freq,Ref - Nat,Redundant Freq,Ref - Redundant,Nat - Redundant
58_OF2,469.28584272027837,469.5168431089258,-0.23100038864743055,469.51684310892574,-0.2310003886473737,5.684341886080802e-14
,867.424197181011,867.424197181011,0.0,867.4241971810108,2.2737367544323206e-13,2.2737367544323206e-13
,950.1065090352918,950.3033996866186,-0.19689065132683936,950.3033996866192,-0.1968906513274078,-5.684341886080801e-13
,,,,,,
,,,,,,
,,,,,,
