   26   78
        0.5606558000        0.0030340800        0.0001706650
       -0.1314839650        0.0676496100       -0.0000155012
       -0.1218552026       -0.0644601086       -0.0000128038
        0.0139612951       -0.0144268225        0.0000001450
        0.0137985475        0.0172899250        0.0000001325
       -0.0041582437       -0.0034337112       -0.0000000900
       -0.0041443612        0.0037479775       -0.0000000850
        0.0015242237       -0.0013193700       -0.0000000149
       -0.1418624163       -0.0038161162        0.1338415912
       -0.1418624188       -0.0038161175       -0.1336508587
       -0.0123485349        0.0166281388        0.0010461176
       -0.0123485375        0.0166281375       -0.0010475850
       -0.0110402375       -0.0173627087        0.0009604112
       -0.0110402376       -0.0173627037       -0.0009616950
        0.0002539389       -0.0008995100       -0.0000537650
        0.0002539301       -0.0008995175        0.0000539150
        0.0002929087        0.0007743500        0.0000936176
        0.0002929099        0.0007743588       -0.0000934675
        0.0001125300        0.0000891413       -0.0003102524
        0.0001125301        0.0000891425        0.0003102650
        0.0001221925       -0.0000977649        0.0003037663
        0.0001221975       -0.0000977612       -0.0003037463
       -0.0000158137        0.0000819201        0.0000635126
       -0.0000158112        0.0000819214       -0.0000635062
        0.0009496475        0.0019164787       -0.0000000475
       -0.0002755387       -0.0007256850       -0.0000000037
        0.0030340800        0.4876335224       -0.0001188537
        0.0676496138       -0.1629951550       -0.0000205149
       -0.0644049763       -0.1732719011       -0.0000232262
        0.0177302238       -0.0289357624       -0.0000004474
       -0.0145344438       -0.0285590949       -0.0000004074
       -0.0035557574       -0.0031103561       -0.0000000699
        0.0033117651       -0.0031207912       -0.0000000561
        0.0013159912       -0.0007031175       -0.0000000362
       -0.0038071374       -0.0427038574        0.0050310013
       -0.0038071387       -0.0427038637       -0.0051032224
       -0.0003080237       -0.0012924700       -0.0014453062
       -0.0003080275       -0.0012924713        0.0014450338
       -0.0004164761       -0.0025714999        0.0015325401
       -0.0004164750       -0.0025714962       -0.0015330262
        0.0011504189        0.0019031900       -0.0003413599
        0.0011504213        0.0019031888        0.0003415489
       -0.0013029637        0.0018789076       -0.0003600449
       -0.0013029675        0.0018789088        0.0003602488
        0.0000135413       -0.0000399762       -0.0001358736
        0.0000135463       -0.0000399750        0.0001359163
        0.0000583838       -0.0000561212       -0.0000621387
        0.0000583863       -0.0000561200        0.0000621812
       -0.0000101124        0.0000541088        0.0000514451
       -0.0000101112        0.0000541039       -0.0000514449
       -0.0009291413       -0.0008430950       -0.0000000437
       -0.0003047950       -0.0004464925       -0.0000000149
        0.0001706650       -0.0001188537        0.6197489449
       -0.0000154950       -0.0000205112       -0.0782517225
       -0.0000128337       -0.0000232437       -0.0784184987
        0.0000001101       -0.0000004462       -0.0006709287
        0.0000001562       -0.0000005075       -0.0006297549
       -0.0000001137       -0.0000000750       -0.0007300587
       -0.0000000799       -0.0000000937       -0.0006395062
       -0.0000000387       -0.0000000400        0.0006274113
        0.1325462263        0.0050032626       -0.2309927350
       -0.1323568112       -0.0050876938       -0.2309927348
       -0.0173465425        0.0232512512       -0.0001980874
        0.0173462576       -0.0232521050       -0.0001980900
       -0.0155145674       -0.0244827900       -0.0001821875
        0.0155142513        0.0244819626       -0.0001821837
       -0.0002625574        0.0010073737        0.0000085576
        0.0002626426       -0.0010072174        0.0000085588
        0.0001824737        0.0010149975       -0.0000003587
       -0.0001823950       -0.0010148462       -0.0000003575
       -0.0002544024        0.0000360625        0.0003003188
        0.0002543725       -0.0000361162        0.0003003163
        0.0002065313        0.0000789425        0.0002706451
       -0.0002065699       -0.0000789987        0.0002706525
       -0.0000429775       -0.0000706724       -0.0000223549
        0.0000429800        0.0000706763       -0.0000223525
       -0.0000000350       -0.0000000137        0.0006096763
        0.0000000013       -0.0000000063       -0.0000120274
       -0.1314839650        0.0676496138       -0.0000154950
        0.5606557974        0.0030340788        0.0001706663
        0.0139612938       -0.0144268149        0.0000001513
       -0.1218552012       -0.0644601112       -0.0000128074
       -0.0041582412       -0.0034337112       -0.0000000900
        0.0137985463        0.0172899251        0.0000001338
        0.0015242239       -0.0013193675       -0.0000000150
       -0.0041443563        0.0037479801       -0.0000000824
       -0.0123485362        0.0166281400       -0.0010475838
       -0.0123485387        0.0166281388        0.0010461176
       -0.1418624124       -0.0038161162       -0.1336508537
       -0.1418624149       -0.0038161162        0.1338415900
        0.0002539376       -0.0008995162        0.0000539150
        0.0002539362       -0.0008995099       -0.0000537662
       -0.0110402362       -0.0173627013       -0.0009616875
       -0.0110402399       -0.0173627037        0.0009604101
        0.0001125325        0.0000891388        0.0003102601
        0.0001125325        0.0000891426       -0.0003102487
        0.0002929126        0.0007743564       -0.0000934649
        0.0002929163        0.0007743600        0.0000936213
       -0.0000158137        0.0000819226       -0.0000635050
       -0.0000158137        0.0000819188        0.0000635163
        0.0001221976       -0.0000977574       -0.0003037486
        0.0001221963       -0.0000977561        0.0003037663
       -0.0002755400       -0.0007256837       -0.0000000049
        0.0009496500        0.0019164787       -0.0000000399
        0.0676496100       -0.1629951550       -0.0000205112
        0.0030340788        0.4876335274       -0.0001188512
        0.0177302226       -0.0289357574       -0.0000004437
       -0.0644049800       -0.1732719074       -0.0000232312
       -0.0035557624       -0.0031103574       -0.0000000686
       -0.0145344474       -0.0285591011       -0.0000004124
        0.0013159888       -0.0007031187       -0.0000000424
        0.0033117663       -0.0031207924       -0.0000000574
       -0.0003080311       -0.0012924724        0.0014450350
       -0.0003080324       -0.0012924712       -0.0014453061
       -0.0038071412       -0.0427038611       -0.0051032212
       -0.0038071437       -0.0427038637        0.0050309963
        0.0011504164        0.0019031876        0.0003415425
        0.0011504150        0.0019031876       -0.0003413687
       -0.0004164749       -0.0025714987       -0.0015330300
       -0.0004164811       -0.0025715036        0.0015325413
        0.0000135388       -0.0000399787        0.0001359101
        0.0000135400       -0.0000399774       -0.0001358774
       -0.0013029700        0.0018789126        0.0003602488
       -0.0013029637        0.0018789100       -0.0003600437
       -0.0000101187        0.0000541051       -0.0000514474
       -0.0000101174        0.0000541051        0.0000514451
        0.0000583852       -0.0000561224        0.0000621714
        0.0000583863       -0.0000561224       -0.0000621412
       -0.0003048012       -0.0004464938       -0.0000000225
       -0.0009291424       -0.0008431000       -0.0000000411
       -0.0000155012       -0.0000205149       -0.0782517225
        0.0001706663       -0.0001188512        0.6197489473
        0.0000001025       -0.0000004411       -0.0006709237
       -0.0000128349       -0.0000232449       -0.0784185048
       -0.0000001074       -0.0000000736       -0.0007300612
        0.0000001551       -0.0000005111       -0.0006297537
       -0.0000000449       -0.0000000387        0.0006274038
       -0.0000000775       -0.0000000975       -0.0006395086
        0.0173462638       -0.0232521025       -0.0001980887
       -0.0173465411        0.0232512388       -0.0001980899
       -0.1323568073       -0.0050876949       -0.2309927324
        0.1325462251        0.0050032638       -0.2309927386
        0.0002626427       -0.0010072199        0.0000085575
       -0.0002625649        0.0010073764        0.0000085564
        0.0155142502        0.0244819626       -0.0001821924
       -0.0155145661       -0.0244827961       -0.0001821886
        0.0002543688       -0.0000361212        0.0003003164
       -0.0002544050        0.0000360563        0.0003003176
       -0.0001823950       -0.0010148462       -0.0000003574
        0.0001824726        0.0010150013       -0.0000003562
        0.0000429750        0.0000706751       -0.0000223500
       -0.0000429824       -0.0000706724       -0.0000223487
       -0.0002065699       -0.0000789998        0.0002706476
        0.0002065426        0.0000789439        0.0002706488
        0.0000000013       -0.0000000063       -0.0000120399
       -0.0000000374       -0.0000000162        0.0006096826
       -0.1218552026       -0.0644049763       -0.0000128337
        0.0139612938        0.0177302226        0.0000001025
        0.5616773174        0.0033402626        0.0001705887
       -0.0047531600        0.0034464050       -0.0000000887
       -0.1316379050        0.0683244588       -0.0000155249
        0.0017086951        0.0013676513       -0.0000000212
        0.0129304651       -0.0155113838        0.0000002113
       -0.0005880600        0.0004541588        0.0000000075
       -0.0110701700       -0.0173563275       -0.0009381425
       -0.0110701749       -0.0173563288        0.0009368763
        0.0002853701        0.0007693250        0.0000778525
        0.0002853663        0.0007693225       -0.0000777187
       -0.1418153636       -0.0039435462       -0.1336565462
       -0.1418153625       -0.0039435461        0.1338472350
        0.0001151888       -0.0000738525       -0.0003152837
        0.0001151863       -0.0000738549        0.0003152888
       -0.0126017862        0.0168312713        0.0009618326
       -0.0126017900        0.0168312725       -0.0009633175
        0.0000028675       -0.0000662725        0.0000747125
        0.0000028688       -0.0000662700       -0.0000747012
        0.0004284863       -0.0008069687        0.0002333901
        0.0004284888       -0.0008069625       -0.0002332163
        0.0000225076       -0.0000165787       -0.0000224999
        0.0000225126       -0.0000165787        0.0000225087
       -0.0022687313       -0.0056738899       -0.0000000412
        0.0000922225        0.0003185338        0.0000000001
       -0.0644601086       -0.1732719011       -0.0000232437
       -0.0144268149       -0.0289357574       -0.0000004411
        0.0033402626        0.4887107598       -0.0001187674
        0.0034464126       -0.0026818611       -0.0000000686
        0.0672023651       -0.1631399773       -0.0000206186
       -0.0012589573       -0.0005489548       -0.0000000436
        0.0174668689       -0.0301276349       -0.0000004899
        0.0003782076       -0.0003771024       -0.0000000061
       -0.0004081499       -0.0025392624       -0.0015060537
       -0.0004081561       -0.0025392649        0.0015055827
       -0.0012798161        0.0018718627       -0.0003323549
       -0.0012798186        0.0018718613        0.0003325639
       -0.0039088611       -0.0427962648       -0.0051413599
       -0.0039088649       -0.0427962598        0.0050692064
        0.0000015027       -0.0000422673        0.0001105926
        0.0000015002       -0.0000422710       -0.0001105710
       -0.0001555837       -0.0013927598       -0.0013495936
       -0.0001555849       -0.0013927598        0.0013493077
        0.0000131839        0.0000427713       -0.0000521449
        0.0000131876        0.0000427701        0.0000521489
        0.0012712689        0.0020898176        0.0003685288
        0.0012712727        0.0020898189       -0.0003683262
        0.0000095364        0.0000243177        0.0000022952
        0.0000095351        0.0000243202       -0.0000022849
       -0.0026359361       -0.0040212812       -0.0000002274
       -0.0000709887       -0.0001297337       -0.0000000011
       -0.0000128038       -0.0000232262       -0.0784184987
        0.0000001513       -0.0000004437       -0.0006709237
        0.0001705887       -0.0001187674        0.6196379749
       -0.0000000849       -0.0000000687       -0.0007250311
       -0.0000153875       -0.0000205712       -0.0789228587
       -0.0000000199       -0.0000000411        0.0006484425
        0.0000001251       -0.0000005700        0.0001169263
        0.0000000075        0.0000000001       -0.0000311299
        0.0155478326        0.0244978113       -0.0002037875
       -0.0155481012       -0.0244986288       -0.0002037887
        0.0001811900        0.0010360750        0.0000145413
       -0.0001810925       -0.0010359162        0.0000145388
       -0.1323351124       -0.0050655212       -0.2307644300
        0.1325245213        0.0049812338       -0.2307644337
       -0.0002424849       -0.0000597987        0.0002922813
        0.0002424576        0.0000597564        0.0002922826
       -0.0176331901        0.0233873426       -0.0002831175
        0.0176328925       -0.0233882187       -0.0002831175
       -0.0000461250        0.0000639326       -0.0000288686
        0.0000461351       -0.0000639263       -0.0000288674
        0.0004410488       -0.0011132162        0.0000366113
       -0.0004410025        0.0011133413        0.0000366126
        0.0000096875       -0.0000040698        0.0000034713
       -0.0000096837        0.0000040726        0.0000034725
       -0.0000000225        0.0000000151        0.0002270050
        0.0000000075        0.0000000099        0.0000058463
        0.0139612951        0.0177302238        0.0000001101
       -0.1218552012       -0.0644049800       -0.0000128349
       -0.0047531600        0.0034464126       -0.0000000849
        0.5616773149        0.0033402601        0.0001705826
        0.0017086975        0.0013676564       -0.0000000199
       -0.1316379049        0.0683244601       -0.0000155237
       -0.0005880624        0.0004541626        0.0000000050
        0.0129304701       -0.0155113850        0.0000002126
        0.0002853701        0.0007693276       -0.0000777175
        0.0002853676        0.0007693238        0.0000778526
       -0.0110701674       -0.0173563237        0.0009368801
       -0.0110701699       -0.0173563262       -0.0009381399
        0.0001151901       -0.0000738574        0.0003152850
        0.0001151862       -0.0000738498       -0.0003152837
       -0.1418153599       -0.0039435437        0.1338472401
       -0.1418153661       -0.0039435461       -0.1336565462
        0.0000028712       -0.0000662762       -0.0000747087
        0.0000028688       -0.0000662725        0.0000747163
       -0.0126017812        0.0168312764       -0.0009633187
       -0.0126017849        0.0168312776        0.0009618363
        0.0000225076       -0.0000165812        0.0000225113
        0.0000225076       -0.0000165799       -0.0000224924
        0.0004284914       -0.0008069598       -0.0002332224
        0.0004284926       -0.0008069623        0.0002333926
        0.0000922225        0.0003185363       -0.0000000012
       -0.0022687274       -0.0056738862       -0.0000000361
       -0.0144268225       -0.0289357624       -0.0000004462
       -0.0644601112       -0.1732719074       -0.0000232449
        0.0034464050       -0.0026818611       -0.0000000687
        0.0033402601        0.4887107698       -0.0001187761
       -0.0012589599       -0.0005489611       -0.0000000461
        0.0672023588       -0.1631399824       -0.0000206261
        0.0003782026       -0.0003771062       -0.0000000136
        0.0174668663       -0.0301276400       -0.0000004849
       -0.0012798199        0.0018718576        0.0003325588
       -0.0012798249        0.0018718513       -0.0003323598
       -0.0004081561       -0.0025392661        0.0015055750
       -0.0004081611       -0.0025392662       -0.0015060549
        0.0000015026       -0.0000422737       -0.0001105762
        0.0000014963       -0.0000422711        0.0001105901
       -0.0039088674       -0.0427962649        0.0050691963
       -0.0039088711       -0.0427962649       -0.0051413649
        0.0000131775        0.0000427638        0.0000521414
        0.0000131800        0.0000427626       -0.0000521474
       -0.0001555911       -0.0013927674        0.0013493039
       -0.0001555887       -0.0013927649       -0.0013495912
        0.0000095250        0.0000243138       -0.0000022974
        0.0000095288        0.0000243126        0.0000022938
        0.0012712702        0.0020898139       -0.0003683311
        0.0012712688        0.0020898139        0.0003685263
       -0.0000709949       -0.0001297387       -0.0000000099
       -0.0026359412       -0.0040212837       -0.0000002198
        0.0000001450       -0.0000004474       -0.0006709287
       -0.0000128074       -0.0000232312       -0.0784185048
       -0.0000000887       -0.0000000686       -0.0007250311
        0.0001705826       -0.0001187761        0.6196379823
       -0.0000000199       -0.0000000361        0.0006484363
       -0.0000153948       -0.0000205774       -0.0789228649
        0.0000000051       -0.0000000036       -0.0000311373
        0.0000001238       -0.0000005762        0.0001169264
       -0.0001810911       -0.0010359162        0.0000145351
        0.0001811851        0.0010360726        0.0000145352
       -0.0155481024       -0.0244986262       -0.0002037912
        0.0155478326        0.0244978064       -0.0002037937
        0.0002424601        0.0000597539        0.0002922763
       -0.0002424913       -0.0000598061        0.0002922751
        0.1325245189        0.0049812276       -0.2307644361
       -0.1323351223       -0.0050655211       -0.2307644361
        0.0000461301       -0.0000639299       -0.0000288749
       -0.0000461274        0.0000639276       -0.0000288724
        0.0176328876       -0.0233882187       -0.0002831224
       -0.0176331936        0.0233873451       -0.0002831199
       -0.0000096924        0.0000040651        0.0000034663
        0.0000096826       -0.0000040736        0.0000034726
       -0.0004410036        0.0011133402        0.0000366064
        0.0004410489       -0.0011132123        0.0000366089
       -0.0000000012        0.0000000026        0.0000058338
       -0.0000000262        0.0000000138        0.0002270114
        0.0137985475       -0.0145344438        0.0000001562
       -0.0041582412       -0.0035557624       -0.0000001074
       -0.1316379050        0.0672023651       -0.0000153875
        0.0017086975       -0.0012589599       -0.0000000199
        0.5644551074        0.0086414288        0.0001715176
       -0.0006011437       -0.0003926174       -0.0000000037
       -0.1220816711       -0.0649992712       -0.0000131049
        0.0002515188       -0.0001443124        0.0000000051
        0.0002719738       -0.0008852862       -0.0000538338
        0.0002719788       -0.0008852937        0.0000539914
        0.0001063263        0.0000936951        0.0003014875
        0.0001063251        0.0000936951       -0.0003014724
       -0.0125034749        0.0167138751        0.0009488550
       -0.0125034725        0.0167138764       -0.0009503500
       -0.0000015186        0.0000630575        0.0000732113
       -0.0000015174        0.0000630526       -0.0000732074
       -0.1437936950       -0.0039374937       -0.1357229086
       -0.1437936962       -0.0039374900        0.1359148825
        0.0000124163        0.0000022076       -0.0000226412
        0.0000124150        0.0000022063        0.0000226564
       -0.0111063949       -0.0171684837        0.0014346263
       -0.0111063937       -0.0171684787       -0.0014361987
       -0.0000218449        0.0000046752        0.0000195614
       -0.0000218437        0.0000046764       -0.0000195563
        0.0123794513        0.0194900726       -0.0000001675
       -0.0000399749       -0.0001444937        0.0000000038
        0.0172899250       -0.0285590949       -0.0000005075
       -0.0034337112       -0.0031103574       -0.0000000736
        0.0683244588       -0.1631399773       -0.0000205712
        0.0013676564       -0.0005489611       -0.0000000361
        0.0086414288        0.4844111798       -0.0001194637
       -0.0003926161       -0.0003889749       -0.0000000099
       -0.0675937449       -0.1798159287       -0.0000226636
        0.0001144750       -0.0001083674        0.0000000077
        0.0011391401        0.0018604201       -0.0003334874
        0.0011391351        0.0018604150        0.0003336739
        0.0000018338       -0.0000266024        0.0001271263
        0.0000018326       -0.0000266037       -0.0001270912
       -0.0003628061       -0.0013818436       -0.0015933862
       -0.0003628124       -0.0013818374        0.0015931039
       -0.0000128649        0.0000469276        0.0000547276
       -0.0000128686        0.0000469289       -0.0000547299
       -0.0039775300       -0.0429518962       -0.0054247162
       -0.0039775287       -0.0429518962        0.0053517113
       -0.0000094174        0.0000230201       -0.0000095774
       -0.0000094162        0.0000230276        0.0000095876
       -0.0001310311       -0.0019195512        0.0013849851
       -0.0001310337       -0.0019195524       -0.0013854812
        0.0000005102        0.0000042952        0.0000032502
        0.0000005113        0.0000042952       -0.0000032474
       -0.0175126737       -0.0200043949       -0.0000010524
       -0.0000296874       -0.0000505575        0.0000000001
        0.0000001325       -0.0000004074       -0.0006297549
       -0.0000000900       -0.0000000686       -0.0007300612
       -0.0000155249       -0.0000206186       -0.0789228587
       -0.0000000199       -0.0000000461        0.0006484363
        0.0001715176       -0.0001194637        0.6252853498
       -0.0000000049       -0.0000000073       -0.0000257324
       -0.0000125599       -0.0000228562       -0.0787279824
        0.0000000026       -0.0000000012        0.0000200851
       -0.0002551674        0.0009985451        0.0000134525
        0.0002552626       -0.0009983837        0.0000134539
        0.0002477914       -0.0000454849        0.0002912351
       -0.0002478224        0.0000454375        0.0002912288
       -0.0174998537        0.0232617663       -0.0003067662
        0.0174995450       -0.0232626198       -0.0003067674
       -0.0000408849       -0.0000660911       -0.0000292199
        0.0000408826        0.0000660863       -0.0000292174
       -0.1341559175       -0.0053274199       -0.2333844674
        0.1343466813        0.0052422601       -0.2333844649
        0.0000088713        0.0000034688        0.0000043001
       -0.0000088774       -0.0000034800        0.0000043013
       -0.0156442962       -0.0248652387        0.0006450726
        0.0156438751        0.0248643988        0.0006450738
        0.0000024613        0.0000023926       -0.0000059948
       -0.0000024624       -0.0000023999       -0.0000059912
        0.0000000163       -0.0000002599       -0.0013666499
        0.0000000013       -0.0000000037       -0.0000060261
       -0.0041582437       -0.0035557574       -0.0000001137
        0.0137985463       -0.0145344474        0.0000001551
        0.0017086951       -0.0012589573       -0.0000000199
       -0.1316379049        0.0672023588       -0.0000153948
       -0.0006011437       -0.0003926161       -0.0000000049
        0.5644551098        0.0086414263        0.0001715176
        0.0002515151       -0.0001443136       -0.0000000011
       -0.1220816686       -0.0649992737       -0.0000131086
        0.0001063289        0.0000936988       -0.0003014724
        0.0001063239        0.0000936901        0.0003014814
        0.0002719764       -0.0008852874        0.0000539914
        0.0002719764       -0.0008852924       -0.0000538374
       -0.0000015211        0.0000630514       -0.0000732074
       -0.0000015200        0.0000630564        0.0000732089
       -0.0125034799        0.0167138776       -0.0009503512
       -0.0125034799        0.0167138727        0.0009488527
        0.0000124101        0.0000021988        0.0000226564
        0.0000124088        0.0000022051       -0.0000226449
       -0.1437936987       -0.0039374899        0.1359148776
       -0.1437936974       -0.0039374900       -0.1357229149
       -0.0000218486        0.0000046702       -0.0000195624
       -0.0000218498        0.0000046726        0.0000195676
       -0.0111063911       -0.0171684823       -0.0014362036
       -0.0111063899       -0.0171684810        0.0014346301
       -0.0000399774       -0.0001444975       -0.0000000037
        0.0123794526        0.0194900688       -0.0000001661
       -0.0034337112       -0.0031103561       -0.0000000750
        0.0172899251       -0.0285591011       -0.0000005111
        0.0013676513       -0.0005489548       -0.0000000411
        0.0683244601       -0.1631399824       -0.0000205774
       -0.0003926174       -0.0003889749       -0.0000000073
        0.0086414263        0.4844111822       -0.0001194648
        0.0001144714       -0.0001083712       -0.0000000023
       -0.0675937449       -0.1798159312       -0.0000226649
        0.0000018314       -0.0000266036       -0.0001270874
        0.0000018277       -0.0000266099        0.0001271214
        0.0011391389        0.0018604189        0.0003336789
        0.0011391388        0.0018604189       -0.0003334911
       -0.0000128674        0.0000469277       -0.0000547324
       -0.0000128686        0.0000469289        0.0000547288
       -0.0003628098       -0.0013818424        0.0015931014
       -0.0003628161       -0.0013818448       -0.0015933898
       -0.0000094162        0.0000230239        0.0000095814
       -0.0000094174        0.0000230201       -0.0000095786
       -0.0039775311       -0.0429518948        0.0053517114
       -0.0039775261       -0.0429518949       -0.0054247174
        0.0000005064        0.0000042901       -0.0000032486
        0.0000005064        0.0000042951        0.0000032551
       -0.0001310236       -0.0019195510       -0.0013854836
       -0.0001310261       -0.0019195510        0.0013849876
       -0.0000296899       -0.0000505612        0.0000000001
       -0.0175126724       -0.0200043961       -0.0000010498
       -0.0000000900       -0.0000000699       -0.0007300587
        0.0000001338       -0.0000004124       -0.0006297537
       -0.0000000212       -0.0000000436        0.0006484425
       -0.0000155237       -0.0000206261       -0.0789228649
       -0.0000000037       -0.0000000099       -0.0000257324
        0.0001715176       -0.0001194648        0.6252853498
       -0.0000000023        0.0000000038        0.0000200838
       -0.0000125537       -0.0000228524       -0.0787279736
       -0.0002478211        0.0000454376        0.0002912313
        0.0002477901       -0.0000454924        0.0002912302
        0.0002552651       -0.0009983786        0.0000134501
       -0.0002551712        0.0009985425        0.0000134501
        0.0000408851        0.0000660864       -0.0000292174
       -0.0000408887       -0.0000660899       -0.0000292174
        0.0174995501       -0.0232626225       -0.0003067662
       -0.0174998573        0.0232617701       -0.0003067637
       -0.0000088774       -0.0000034799        0.0000042964
        0.0000088676        0.0000034714        0.0000042988
        0.1343466851        0.0052422613       -0.2333844649
       -0.1341559124       -0.0053274162       -0.2333844637
       -0.0000024698       -0.0000024036       -0.0000059949
        0.0000024601        0.0000024001       -0.0000059912
        0.0156438826        0.0248643989        0.0006450701
       -0.0156442936       -0.0248652373        0.0006450750
       -0.0000000012       -0.0000000037       -0.0000060299
        0.0000000188       -0.0000002574       -0.0013666411
       -0.0041443612        0.0033117651       -0.0000000799
        0.0015242239        0.0013159888       -0.0000000449
        0.0129304651        0.0174668689        0.0000001251
       -0.0005880624        0.0003782026        0.0000000051
       -0.1220816711       -0.0675937449       -0.0000125599
        0.0002515151        0.0001144714       -0.0000000023
        0.5730389323       -0.0514981449        0.0001557351
       -0.0001096262        0.0000659076        0.0000000101
        0.0001113764       -0.0000379974       -0.0002969112
        0.0001113776       -0.0000380037        0.0002969414
        0.0000019939       -0.0000729612       -0.0000785649
        0.0000020014       -0.0000729624        0.0000785663
        0.0005226564        0.0006251164        0.0002280451
        0.0005226563        0.0006251264       -0.0002279587
        0.0000082064       -0.0000049312       -0.0000206349
        0.0000082001       -0.0000049311        0.0000206414
       -0.0101934749       -0.0181257024        0.0016215751
       -0.0101934699       -0.0181256974       -0.0016227961
       -0.0000119586        0.0000021301        0.0000156652
       -0.0000119536        0.0000021313       -0.0000156574
       -0.1442136748       -0.0060373937       -0.1399280149
       -0.1442136661       -0.0060373887        0.1401172213
        0.0000095152       -0.0000039048       -0.0000046573
        0.0000095189       -0.0000039061        0.0000046651
       -0.1533003049        0.1438517101       -0.0000248549
        0.0000112176        0.0000651201        0.0000000051
        0.0037479775       -0.0031207912       -0.0000000937
       -0.0013193675       -0.0007031187       -0.0000000387
       -0.0155113838       -0.0301276349       -0.0000005700
        0.0004541626       -0.0003771062       -0.0000000036
       -0.0649992712       -0.1798159287       -0.0000228562
       -0.0001443136       -0.0001083712        0.0000000038
       -0.0514981449        0.5351128749       -0.0001427424
        0.0000659099       -0.0000485812        0.0000000051
        0.0000212401       -0.0000047824        0.0001147863
        0.0000212413       -0.0000047862       -0.0001147411
        0.0000099201        0.0000483388        0.0000580101
        0.0000099163        0.0000483375       -0.0000579949
       -0.0012572949        0.0018529101       -0.0002181987
       -0.0012572950        0.0018529150        0.0002183726
        0.0000033126        0.0000225100        0.0000144263
        0.0000033076        0.0000225025       -0.0000144225
        0.0000040026       -0.0019336899        0.0014977876
        0.0000040000       -0.0019336899       -0.0014981887
        0.0000005276        0.0000033501       -0.0000038074
        0.0000005264        0.0000033538        0.0000038201
       -0.0069315487       -0.0438337549       -0.0107784750
       -0.0069315411       -0.0438337537        0.0107053037
       -0.0000035799        0.0000017976        0.0000040475
       -0.0000035762        0.0000017976       -0.0000040425
        0.1457040725       -0.2330975025       -0.0000439862
       -0.0000119550       -0.0000297475        0.0000000014
       -0.0000000850       -0.0000000561       -0.0006395062
       -0.0000000150       -0.0000000424        0.0006274038
        0.0000002113       -0.0000004899        0.0001169263
        0.0000000050       -0.0000000136       -0.0000311373
       -0.0000131049       -0.0000226636       -0.0787279824
       -0.0000000011       -0.0000000023        0.0000200838
        0.0001557351       -0.0001427424        0.5992329123
        0.0000000113        0.0000000026       -0.0000056512
       -0.0002571512       -0.0000951137        0.0003000626
        0.0002571239        0.0000950789        0.0003000601
        0.0000471064       -0.0000672662       -0.0000257174
       -0.0000471098        0.0000672675       -0.0000257149
        0.0003686389        0.0009273239        0.0001169988
       -0.0003685837       -0.0009271436        0.0001169963
        0.0000073577       -0.0000036462        0.0000054226
       -0.0000073673        0.0000036464        0.0000054226
       -0.0145647075       -0.0248162537        0.0008243488
        0.0145643425        0.0248153851        0.0008243526
        0.0000023701       -0.0000012636       -0.0000053511
       -0.0000023724        0.0000012613       -0.0000053537
       -0.1393409312       -0.0096220499       -0.2395533524
        0.1395281289        0.0095362501       -0.2395533500
        0.0000020189        0.0000005226       -0.0000005974
       -0.0000020299       -0.0000005274       -0.0000005949
       -0.0000226662       -0.0000374887       -0.0439174949
        0.0000000001        0.0000000013        0.0000011138
        0.0015242237        0.0013159912       -0.0000000387
       -0.0041443563        0.0033117663       -0.0000000775
       -0.0005880600        0.0003782076        0.0000000075
        0.0129304701        0.0174668663        0.0000001238
        0.0002515188        0.0001144750        0.0000000026
       -0.1220816686       -0.0675937449       -0.0000125537
       -0.0001096262        0.0000659099        0.0000000113
        0.5730389275       -0.0514981450        0.0001557387
        0.0000020025       -0.0000729587        0.0000785750
        0.0000020012       -0.0000729650       -0.0000785599
        0.0001113763       -0.0000379975        0.0002969463
        0.0001113762       -0.0000379950       -0.0002969100
        0.0000082063       -0.0000049287        0.0000206462
        0.0000082075       -0.0000049262       -0.0000206375
        0.0005226588        0.0006251263       -0.0002279599
        0.0005226526        0.0006251225        0.0002280500
       -0.0000119575        0.0000021250       -0.0000156562
       -0.0000119550        0.0000021300        0.0000156725
       -0.0101934700       -0.0181256974       -0.0016227912
       -0.0101934675       -0.0181256937        0.0016215763
        0.0000095125       -0.0000039074        0.0000046638
        0.0000095138       -0.0000039037       -0.0000046499
       -0.1442136674       -0.0060373874        0.1401172226
       -0.1442136662       -0.0060373849       -0.1399280125
        0.0000112188        0.0000651212       -0.0000000013
       -0.1533003037        0.1438517126       -0.0000248450
       -0.0013193700       -0.0007031175       -0.0000000400
        0.0037479801       -0.0031207924       -0.0000000975
        0.0004541588       -0.0003771024        0.0000000001
       -0.0155113850       -0.0301276400       -0.0000005762
       -0.0001443124       -0.0001083674       -0.0000000012
       -0.0649992737       -0.1798159312       -0.0000228524
        0.0000659076       -0.0000485812        0.0000000026
       -0.0514981450        0.5351128749       -0.0001427411
        0.0000099213        0.0000483338       -0.0000579912
        0.0000099175        0.0000483325        0.0000580126
        0.0000212426       -0.0000047849       -0.0001147387
        0.0000212425       -0.0000047825        0.0001147838
        0.0000033126        0.0000225051       -0.0000144200
        0.0000033100        0.0000225076        0.0000144263
       -0.0012572974        0.0018529126        0.0002183713
       -0.0012572987        0.0018529101       -0.0002181999
        0.0000005213        0.0000033476        0.0000038201
        0.0000005263        0.0000033475       -0.0000038111
        0.0000040026       -0.0019336912       -0.0014981862
        0.0000040038       -0.0019336863        0.0014977876
       -0.0000035824        0.0000017901       -0.0000040463
       -0.0000035824        0.0000017987        0.0000040538
       -0.0069315436       -0.0438337499        0.0107052963
       -0.0069315425       -0.0438337511       -0.0107784750
       -0.0000119563       -0.0000297475       -0.0000000025
        0.1457040713       -0.2330975025       -0.0000439849
       -0.0000000149       -0.0000000362        0.0006274113
       -0.0000000824       -0.0000000574       -0.0006395086
        0.0000000075       -0.0000000061       -0.0000311299
        0.0000002126       -0.0000004849        0.0001169264
        0.0000000051        0.0000000077        0.0000200851
       -0.0000131086       -0.0000226649       -0.0787279736
        0.0000000101        0.0000000051       -0.0000056512
        0.0001557387       -0.0001427411        0.5992329048
       -0.0000471011        0.0000672739       -0.0000257162
        0.0000471076       -0.0000672637       -0.0000257086
        0.0002571277        0.0000950876        0.0003000639
       -0.0002571537       -0.0000951137        0.0003000576
       -0.0000073561        0.0000036501        0.0000054288
        0.0000073601       -0.0000036436        0.0000054276
       -0.0003685773       -0.0009271374        0.0001170039
        0.0003686389        0.0009273288        0.0001170051
       -0.0000023699        0.0000012601       -0.0000053537
        0.0000023714       -0.0000012648       -0.0000053486
        0.0145643464        0.0248153851        0.0008243551
       -0.0145647012       -0.0248162424        0.0008243538
       -0.0000020312       -0.0000005224       -0.0000005974
        0.0000020201        0.0000005226       -0.0000005937
        0.1395281301        0.0095362527       -0.2395533549
       -0.1393409224       -0.0096220448       -0.2395533487
        0.0000000075        0.0000000026        0.0000011114
       -0.0000226624       -0.0000374862       -0.0439174899
       -0.1418624163       -0.0038071374        0.1325462263
       -0.0123485362       -0.0003080311        0.0173462638
       -0.0110701700       -0.0004081499        0.0155478326
        0.0002853701       -0.0012798199       -0.0001810911
        0.0002719738        0.0011391401       -0.0002551674
        0.0001063289        0.0000018314       -0.0002478211
        0.0001113764        0.0000212401       -0.0002571512
        0.0000020025        0.0000099213       -0.0000471011
        0.1551271149        0.0039013101       -0.1470971150
        0.0113348376        0.0004497001       -0.0162494636
        0.0002784814       -0.0007613436       -0.0001034374
       -0.0022099624        0.0035849501        0.0000554888
        0.0001668714        0.0006946226       -0.0000734350
       -0.0016830712       -0.0033680249        0.0000549776
        0.0006327101        0.0004785225       -0.0002574325
        0.0000496689        0.0000824163       -0.0000875374
        0.0000481738       -0.0000792887       -0.0000828349
        0.0006433351       -0.0004042249       -0.0002199287
        0.0001125589       -0.0001921499       -0.0000967037
       -0.0000573462        0.0000086413        0.0000047913
       -0.0000584411       -0.0000120962        0.0000046951
        0.0000682726        0.0001987563       -0.0000659374
        0.0000221001        0.0000429527       -0.0000059612
        0.0000044525        0.0000023951       -0.0000004962
        0.0000289526       -0.0000501949       -0.0000427037
       -0.0000043438        0.0000119538        0.0000037813
       -0.0038161162       -0.0427038574        0.0050032626
        0.0166281400       -0.0012924724       -0.0232521025
       -0.0173563275       -0.0025392624        0.0244978113
        0.0007693276        0.0018718576       -0.0010359162
       -0.0008852862        0.0018604201        0.0009985451
        0.0000936988       -0.0000266036        0.0000454376
       -0.0000379974       -0.0000047824       -0.0000951137
       -0.0000729587        0.0000483338        0.0000672739
        0.0039013101        0.0517541199       -0.0056201462
        0.0004497001       -0.0006737150       -0.0006134574
       -0.0007613487        0.0010005751        0.0004363876
        0.0035849501       -0.0045840849        0.0000123389
        0.0006951389        0.0011070976       -0.0004462437
       -0.0033575149       -0.0051122186       -0.0000113262
       -0.0004006999       -0.0003910824        0.0005411713
       -0.0000748924       -0.0000111974        0.0000203001
        0.0000821638       -0.0000096399       -0.0000200287
        0.0004798601       -0.0003899586       -0.0005649349
       -0.0001972337        0.0000430376        0.0001852025
        0.0000105163        0.0000139476       -0.0000133262
       -0.0000210687        0.0000151776        0.0000128926
        0.0001859238        0.0000868113       -0.0001735962
       -0.0000358537       -0.0000613186        0.0000227814
       -0.0000020049       -0.0000037898       -0.0000025175
        0.0000828088       -0.0000143388       -0.0000795787
        0.0000131001        0.0000139638        0.0000033464
        0.1338415912        0.0050310013       -0.2309927350
       -0.0010475838        0.0014450350       -0.0001980887
       -0.0009381425       -0.0015060537       -0.0002037875
       -0.0000777175        0.0003325588        0.0000145351
       -0.0000538338       -0.0003334874        0.0000134525
       -0.0003014724       -0.0001270874        0.0002912313
       -0.0002969112        0.0001147863        0.0003000626
        0.0000785750       -0.0000579912       -0.0000257162
       -0.1470971150       -0.0056201462        0.2464068974
        0.0162455838        0.0006118738       -0.0211072949
        0.0001034688       -0.0004363012        0.0009089776
        0.0000554900        0.0000123400        0.0016082488
        0.0000712176        0.0004478950        0.0009082037
        0.0000597525       -0.0000101587        0.0016091401
       -0.0002170336       -0.0005581925        0.0002895625
        0.0000890213        0.0000234863       -0.0000347374
        0.0000920200       -0.0000157299       -0.0000382200
       -0.0002648900        0.0005399225        0.0002946413
       -0.0000959187        0.0001806325        0.0000019401
       -0.0000028912        0.0000119788       -0.0000219949
        0.0000032988       -0.0000195275       -0.0000195150
       -0.0000780762       -0.0001858725       -0.0000048237
       -0.0000040711       -0.0000254849        0.0000199164
       -0.0000007487       -0.0000020974       -0.0000063325
        0.0000428462        0.0000981350       -0.0000168137
       -0.0000188500       -0.0000268338        0.0000038363
       -0.1418624188       -0.0038071387       -0.1323568112
       -0.0123485387       -0.0003080324       -0.0173465411
       -0.0110701749       -0.0004081561       -0.0155481012
        0.0002853676       -0.0012798249        0.0001811851
        0.0002719788        0.0011391351        0.0002552626
        0.0001063239        0.0000018277        0.0002477901
        0.0001113776        0.0000212413        0.0002571239
        0.0000020012        0.0000099175        0.0000471076
        0.0113348376        0.0004497001        0.0162455838
        0.1551271198        0.0039013000        0.1472845026
       -0.0022099674        0.0035849463       -0.0000557262
        0.0002784814       -0.0007613500        0.0001034714
       -0.0016830748       -0.0033680374       -0.0000552100
        0.0001668725        0.0006946289        0.0000734476
        0.0000496664        0.0000824163        0.0000875050
        0.0006327076        0.0004785126        0.0002575014
        0.0006433300       -0.0004042324        0.0002200188
        0.0000481712       -0.0000792874        0.0000828125
       -0.0000573511        0.0000086376       -0.0000047949
        0.0001125613       -0.0001921475        0.0000967000
        0.0000682689        0.0001987451        0.0000659251
       -0.0000584387       -0.0000120937       -0.0000047000
        0.0000044489        0.0000023914        0.0000004889
        0.0000221026        0.0000429502        0.0000059651
        0.0000289475       -0.0000501962        0.0000426926
       -0.0000043487        0.0000119538       -0.0000037873
       -0.0038161175       -0.0427038637       -0.0050876938
        0.0166281388       -0.0012924712        0.0232512388
       -0.0173563288       -0.0025392649       -0.0244986288
        0.0007693238        0.0018718513        0.0010360726
       -0.0008852937        0.0018604150       -0.0009983837
        0.0000936901       -0.0000266099       -0.0000454924
       -0.0000380037       -0.0000047862        0.0000950789
       -0.0000729650        0.0000483325       -0.0000672637
        0.0004497001       -0.0006737150        0.0006118738
        0.0039013000        0.0517541274        0.0055440488
        0.0035849514       -0.0045840812       -0.0000125487
       -0.0007613536        0.0010005713       -0.0004363037
       -0.0033575211       -0.0051122286        0.0000110825
        0.0006951338        0.0011070964        0.0004463225
       -0.0000748912       -0.0000111937       -0.0000202562
       -0.0004007074       -0.0003910887       -0.0005411562
        0.0004798550       -0.0003899661        0.0005649488
        0.0000821638       -0.0000096399        0.0000200851
        0.0000105101        0.0000139401        0.0000133301
       -0.0001972325        0.0000430388       -0.0001851999
        0.0001859188        0.0000868038        0.0001735963
       -0.0000210725        0.0000151800       -0.0000128912
       -0.0000020099       -0.0000037924        0.0000025226
       -0.0000358612       -0.0000613236       -0.0000227787
        0.0000828050       -0.0000143425        0.0000795625
        0.0000131026        0.0000139612       -0.0000033474
       -0.1336508587       -0.0051032224       -0.2309927348
        0.0010461176       -0.0014453061       -0.0001980899
        0.0009368763        0.0015055827       -0.0002037887
        0.0000778526       -0.0003323598        0.0000145352
        0.0000539914        0.0003336739        0.0000134539
        0.0003014814        0.0001271214        0.0002912302
        0.0002969414       -0.0001147411        0.0003000601
       -0.0000785599        0.0000580126       -0.0000257086
       -0.0162494636       -0.0006134574       -0.0211072949
        0.1472845026        0.0055440488        0.2464068947
       -0.0000557261       -0.0000125449        0.0016082576
       -0.0001034423        0.0004363826        0.0009089727
       -0.0000599724        0.0000099277        0.0016091413
       -0.0000711924       -0.0004478049        0.0009082051
       -0.0000890361       -0.0000234349       -0.0000347362
        0.0002171227        0.0005581976        0.0002895689
        0.0002649751       -0.0005399036        0.0002946401
       -0.0000920337        0.0000157776       -0.0000382212
        0.0000028926       -0.0000119699       -0.0000219936
        0.0000959139       -0.0001806336        0.0000019426
        0.0000780639        0.0001858739       -0.0000048261
       -0.0000033049        0.0000195288       -0.0000195087
        0.0000007464        0.0000021027       -0.0000063336
        0.0000040838        0.0000254827        0.0000199251
       -0.0000428374       -0.0000981236       -0.0000168161
        0.0000188614        0.0000268451        0.0000038414
       -0.0123485349       -0.0003080237       -0.0173465425
       -0.1418624124       -0.0038071412       -0.1323568073
        0.0002853701       -0.0012798161        0.0001811900
       -0.0110701674       -0.0004081561       -0.0155481024
        0.0001063263        0.0000018338        0.0002477914
        0.0002719764        0.0011391389        0.0002552651
        0.0000019939        0.0000099201        0.0000471064
        0.0001113763        0.0000212426        0.0002571277
        0.0002784814       -0.0007613487        0.0001034688
       -0.0022099674        0.0035849514       -0.0000557261
        0.1551271173        0.0039013114        0.1472845076
        0.0113348364        0.0004496988        0.0162455864
        0.0006327114        0.0004785151        0.0002575001
        0.0000496676        0.0000824189        0.0000875114
        0.0001668702        0.0006946301        0.0000734476
       -0.0016830761       -0.0033680311       -0.0000552061
        0.0001125651       -0.0001921536        0.0000966939
       -0.0000573450        0.0000086364       -0.0000047949
        0.0000481714       -0.0000792861        0.0000828114
        0.0006433339       -0.0004042300        0.0002200201
        0.0000220976        0.0000429502        0.0000059664
        0.0000044514        0.0000023926        0.0000004925
       -0.0000584374       -0.0000120910       -0.0000046999
        0.0000682763        0.0001987577        0.0000659276
       -0.0000043462        0.0000119538       -0.0000037924
        0.0000289501       -0.0000501974        0.0000427001
        0.0166281388       -0.0012924700        0.0232512512
       -0.0038161162       -0.0427038611       -0.0050876949
        0.0007693250        0.0018718627        0.0010360750
       -0.0173563237       -0.0025392661       -0.0244986262
        0.0000936951       -0.0000266024       -0.0000454849
       -0.0008852874        0.0018604189       -0.0009983786
       -0.0000729612        0.0000483388       -0.0000672662
       -0.0000379975       -0.0000047849        0.0000950876
       -0.0007613436        0.0010005751       -0.0004363012
        0.0035849463       -0.0045840812       -0.0000125449
        0.0039013114        0.0517541199        0.0055440513
        0.0004497001       -0.0006737113        0.0006118776
       -0.0004007011       -0.0003910874       -0.0005411562
       -0.0000748875       -0.0000111936       -0.0000202525
        0.0006951439        0.0011071013        0.0004463301
       -0.0033575211       -0.0051122211        0.0000110864
       -0.0001972350        0.0000430338       -0.0001851987
        0.0000105101        0.0000139401        0.0000133351
        0.0000821688       -0.0000096374        0.0000200876
        0.0004798638       -0.0003899574        0.0005649513
       -0.0000358561       -0.0000613262       -0.0000227762
       -0.0000020074       -0.0000037912        0.0000025275
       -0.0000210649        0.0000151826       -0.0000128861
        0.0001859251        0.0000868139        0.0001736013
        0.0000131013        0.0000139651       -0.0000033462
        0.0000828125       -0.0000143350        0.0000795739
        0.0010461176       -0.0014453062       -0.0001980874
       -0.1336508537       -0.0051032212       -0.2309927324
        0.0000778525       -0.0003323549        0.0000145413
        0.0009368801        0.0015055750       -0.0002037912
        0.0003014875        0.0001271263        0.0002912351
        0.0000539914        0.0003336789        0.0000134501
       -0.0000785649        0.0000580101       -0.0000257174
        0.0002969463       -0.0001147387        0.0003000639
       -0.0001034374        0.0004363876        0.0009089776
       -0.0000557262       -0.0000125487        0.0016082576
        0.1472845076        0.0055440513        0.2464068923
       -0.0162494686       -0.0006134587       -0.0211072937
        0.0002171289        0.0005581989        0.0002895663
       -0.0000890400       -0.0000234311       -0.0000347362
       -0.0000711886       -0.0004478012        0.0009082088
       -0.0000599712        0.0000099351        0.0016091389
        0.0000959125       -0.0001806374        0.0000019377
        0.0000028963       -0.0000119637       -0.0000219912
       -0.0000920349        0.0000157813       -0.0000382200
        0.0002649826       -0.0005398999        0.0002946426
        0.0000040789        0.0000254826        0.0000199188
        0.0000007476        0.0000021063       -0.0000063299
       -0.0000033024        0.0000195339       -0.0000195148
        0.0000780688        0.0001858751       -0.0000048212
        0.0000188575        0.0000268451        0.0000038363
       -0.0000428361       -0.0000981225       -0.0000168099
       -0.0123485375       -0.0003080275        0.0173462576
       -0.1418624149       -0.0038071437        0.1325462251
        0.0002853663       -0.0012798186       -0.0001810925
       -0.0110701699       -0.0004081611        0.0155478326
        0.0001063251        0.0000018326       -0.0002478224
        0.0002719764        0.0011391388       -0.0002551712
        0.0000020014        0.0000099163       -0.0000471098
        0.0001113762        0.0000212425       -0.0002571537
       -0.0022099624        0.0035849501        0.0000554900
        0.0002784814       -0.0007613536       -0.0001034423
        0.0113348364        0.0004497001       -0.0162494686
        0.1551271198        0.0039013051       -0.1470971199
        0.0000496689        0.0000824126       -0.0000875374
        0.0006327113        0.0004785176       -0.0002574362
       -0.0016830749       -0.0033680325        0.0000549751
        0.0001668688        0.0006946226       -0.0000734386
       -0.0000573475        0.0000086339        0.0000047864
        0.0001125613       -0.0001921499       -0.0000967061
        0.0006433289       -0.0004042337       -0.0002199299
        0.0000481739       -0.0000792862       -0.0000828374
        0.0000044426        0.0000023876       -0.0000004974
        0.0000220963        0.0000429500       -0.0000059600
        0.0000682726        0.0001987502       -0.0000659436
       -0.0000584399       -0.0000120924        0.0000046963
       -0.0000043475        0.0000119500        0.0000037763
        0.0000289475       -0.0000501987       -0.0000427011
        0.0166281375       -0.0012924713       -0.0232521050
       -0.0038161162       -0.0427038637        0.0050032638
        0.0007693225        0.0018718613       -0.0010359162
       -0.0173563262       -0.0025392662        0.0244978064
        0.0000936951       -0.0000266037        0.0000454375
       -0.0008852924        0.0018604189        0.0009985425
       -0.0000729624        0.0000483375        0.0000672675
       -0.0000379950       -0.0000047825       -0.0000951137
        0.0035849501       -0.0045840849        0.0000123400
       -0.0007613500        0.0010005713        0.0004363826
        0.0004496988       -0.0006737113       -0.0006134587
        0.0039013051        0.0517541224       -0.0056201449
       -0.0000748899       -0.0000111962        0.0000202925
       -0.0004007050       -0.0003910874        0.0005411713
       -0.0033575087       -0.0051122187       -0.0000113262
        0.0006951376        0.0011070963       -0.0004462436
        0.0000105088        0.0000139350       -0.0000133324
       -0.0001972350        0.0000430363        0.0001851950
        0.0004798601       -0.0003899587       -0.0005649349
        0.0000821688       -0.0000096350       -0.0000200237
       -0.0000020137       -0.0000037949       -0.0000025263
       -0.0000358549       -0.0000613200        0.0000227825
        0.0001859238        0.0000868064       -0.0001735999
       -0.0000210662        0.0000151801        0.0000128975
        0.0000130987        0.0000139637        0.0000033363
        0.0000828037       -0.0000143388       -0.0000795762
       -0.0010475850        0.0014450338       -0.0001980900
        0.1338415900        0.0050309963       -0.2309927386
       -0.0000777187        0.0003325639        0.0000145388
       -0.0009381399       -0.0015060549       -0.0002037937
       -0.0003014724       -0.0001270912        0.0002912288
       -0.0000538374       -0.0003334911        0.0000134501
        0.0000785663       -0.0000579949       -0.0000257149
       -0.0002969100        0.0001147838        0.0003000576
        0.0000554888        0.0000123389        0.0016082488
        0.0001034714       -0.0004363037        0.0009089727
        0.0162455864        0.0006118776       -0.0211072937
       -0.1470971199       -0.0056201449        0.2464068999
        0.0000890239        0.0000234851       -0.0000347387
       -0.0002170312       -0.0005581899        0.0002895625
        0.0000597576       -0.0000101587        0.0016091351
        0.0000712139        0.0004478938        0.0009082039
       -0.0000028975        0.0000119726       -0.0000220024
       -0.0000959187        0.0001806301        0.0000019376
       -0.0002648911        0.0005399200        0.0002946401
        0.0000920176       -0.0000157287       -0.0000382212
       -0.0000007537       -0.0000021011       -0.0000063349
       -0.0000040724       -0.0000254850        0.0000199201
       -0.0000780761       -0.0001858749       -0.0000048298
        0.0000033051       -0.0000195261       -0.0000195112
       -0.0000188475       -0.0000268400        0.0000038313
        0.0000428426        0.0000981388       -0.0000168099
       -0.0110402375       -0.0004164761       -0.0155145674
        0.0002539376        0.0011504164        0.0002626427
       -0.1418153636       -0.0039088611       -0.1323351124
        0.0001151901        0.0000015026        0.0002424601
       -0.0125034749       -0.0003628061       -0.0174998537
       -0.0000015211       -0.0000128674        0.0000408851
        0.0005226564       -0.0012572949        0.0003686389
        0.0000082063        0.0000033126       -0.0000073561
        0.0001668714        0.0006951389        0.0000712176
       -0.0016830748       -0.0033575211       -0.0000599724
        0.0006327114       -0.0004007011        0.0002171289
        0.0000496689       -0.0000748899        0.0000890239
        0.1551646523        0.0040059614        0.1472848739
        0.0112964988        0.0004615664        0.0162366164
       -0.0000543049       -0.0000154024       -0.0000026261
        0.0000805552        0.0001956376        0.0000807001
       -0.0022062449        0.0036118751       -0.0000209186
        0.0002759088       -0.0007807323        0.0000976927
        0.0000036314       -0.0000026098        0.0000000851
        0.0000227414       -0.0000366450        0.0000064864
        0.0006245289        0.0004822864        0.0002025651
        0.0000436714        0.0001077676        0.0000743064
       -0.0000066136       -0.0000009335        0.0000008202
       -0.0000014061        0.0000042589        0.0000050463
        0.0000516839       -0.0001248037        0.0003399876
       -0.0000006199       -0.0000091574       -0.0000012599
       -0.0173627087       -0.0025714999       -0.0244827900
       -0.0008995162        0.0019031876       -0.0010072199
       -0.0039435462       -0.0427962648       -0.0050655212
       -0.0000738574       -0.0000422737        0.0000597539
        0.0167138751       -0.0013818436        0.0232617663
        0.0000630514        0.0000469277        0.0000660864
        0.0006251164        0.0018529101        0.0009273239
       -0.0000049287        0.0000225051        0.0000036501
        0.0006946226        0.0011070976        0.0004478950
       -0.0033680374       -0.0051122286        0.0000099277
        0.0004785151       -0.0003910874        0.0005581989
        0.0000824126       -0.0000111962        0.0000234851
        0.0040059614        0.0517158773        0.0055219113
        0.0004615588       -0.0006767436        0.0006135713
       -0.0000154099        0.0000113988       -0.0000119849
        0.0001956339        0.0000742263        0.0001880789
        0.0036967638       -0.0046389261        0.0000448026
       -0.0007821212        0.0009946901       -0.0004285612
        0.0000027514       -0.0000035537       -0.0000025161
        0.0000442551       -0.0000601312        0.0000268739
       -0.0004444086       -0.0003431386       -0.0005598962
       -0.0000698287       -0.0000333599       -0.0000023250
       -0.0000036849        0.0000000702       -0.0000010248
        0.0000018826        0.0000102164        0.0000049526
       -0.0001430224        0.0003219251       -0.0002774149
        0.0000018263       -0.0000018787       -0.0000010812
        0.0009604112        0.0015325401       -0.0001821875
        0.0000539150        0.0003415425        0.0000085575
       -0.1336565462       -0.0051413599       -0.2307644300
        0.0003152850       -0.0001105762        0.0002922763
        0.0009488550       -0.0015933862       -0.0003067662
       -0.0000732074       -0.0000547324       -0.0000292174
        0.0002280451       -0.0002181987        0.0001169988
        0.0000206462       -0.0000144200        0.0000054288
       -0.0000734350       -0.0004462437        0.0009082037
       -0.0000552100        0.0000110825        0.0016091413
        0.0002575001       -0.0005411562        0.0002895663
       -0.0000875374        0.0000202925       -0.0000347387
        0.1472848739        0.0055219113        0.2462839799
       -0.0162405038       -0.0006151900       -0.0211341862
        0.0000026201        0.0000119750       -0.0000206675
        0.0000806951        0.0001880750        0.0000017351
       -0.0000243788        0.0000056139        0.0016502188
       -0.0001131650        0.0004373000        0.0009149400
        0.0000003725       -0.0000022025       -0.0000065974
        0.0000088775       -0.0000250975        0.0000231726
        0.0001678613        0.0005671688        0.0001912938
       -0.0000801688       -0.0000276788       -0.0000692375
       -0.0000020812        0.0000023926       -0.0000022199
        0.0000049712        0.0000066188        0.0000043800
        0.0002602162        0.0000831250        0.0002530725
       -0.0000050587       -0.0000143812       -0.0000023361
       -0.0110402376       -0.0004164750        0.0155142513
        0.0002539362        0.0011504150       -0.0002625649
       -0.1418153625       -0.0039088649        0.1325245213
        0.0001151862        0.0000014963       -0.0002424913
       -0.0125034725       -0.0003628124        0.0174995450
       -0.0000015200       -0.0000128686       -0.0000408887
        0.0005226563       -0.0012572950       -0.0003685837
        0.0000082075        0.0000033100        0.0000073601
       -0.0016830712       -0.0033575149        0.0000597525
        0.0001668725        0.0006951338       -0.0000711924
        0.0000496676       -0.0000748875       -0.0000890400
        0.0006327113       -0.0004007050       -0.0002170312
        0.0112964988        0.0004615588       -0.0162405038
        0.1551646550        0.0040059638       -0.1470974625
        0.0000805601        0.0001956438       -0.0000807187
       -0.0000543125       -0.0000154062        0.0000026225
        0.0002759112       -0.0007807387       -0.0000976588
       -0.0022062488        0.0036118750        0.0000206801
        0.0000227376       -0.0000366474       -0.0000064762
        0.0000036350       -0.0000026088       -0.0000000812
        0.0000436675        0.0001077638       -0.0000743200
        0.0006245350        0.0004822850       -0.0002024850
       -0.0000014074        0.0000042589       -0.0000050425
       -0.0000066137       -0.0000009299       -0.0000008150
        0.0000516813       -0.0001248025       -0.0003400250
       -0.0000006187       -0.0000091612        0.0000012626
       -0.0173627037       -0.0025714962        0.0244819626
       -0.0008995099        0.0019031876        0.0010073764
       -0.0039435461       -0.0427962598        0.0049812338
       -0.0000738498       -0.0000422711       -0.0000598061
        0.0167138764       -0.0013818374       -0.0232626198
        0.0000630564        0.0000469289       -0.0000660899
        0.0006251264        0.0018529150       -0.0009271436
       -0.0000049262        0.0000225076       -0.0000036436
       -0.0033680249       -0.0051122186       -0.0000101587
        0.0006946289        0.0011070964       -0.0004478049
        0.0000824189       -0.0000111936       -0.0000234311
        0.0004785176       -0.0003910874       -0.0005581899
        0.0004615664       -0.0006767436       -0.0006151900
        0.0040059638        0.0517158698       -0.0055979950
        0.0001956452        0.0000742338       -0.0001880924
       -0.0000154073        0.0000113951        0.0000119789
       -0.0007821174        0.0009946901        0.0004286414
        0.0036967675       -0.0046389199       -0.0000450224
        0.0000442552       -0.0000601336       -0.0000268711
        0.0000027526       -0.0000035449        0.0000025126
       -0.0000698299       -0.0000333611        0.0000023813
       -0.0004444036       -0.0003431349        0.0005599238
        0.0000018876        0.0000102164       -0.0000049561
       -0.0000036812        0.0000000689        0.0000010263
       -0.0001430162        0.0003219263        0.0002773988
        0.0000018338       -0.0000018749        0.0000010814
       -0.0009616950       -0.0015330262       -0.0001821837
       -0.0000537662       -0.0003413687        0.0000085564
        0.1338472350        0.0050692064       -0.2307644337
       -0.0003152837        0.0001105901        0.0002922751
       -0.0009503500        0.0015931039       -0.0003067674
        0.0000732089        0.0000547288       -0.0000292174
       -0.0002279587        0.0002183726        0.0001169963
       -0.0000206375        0.0000144263        0.0000054276
        0.0000549776       -0.0000113262        0.0016091401
        0.0000734476        0.0004463225        0.0009082051
        0.0000875114       -0.0000202525       -0.0000347362
       -0.0002574362        0.0005411713        0.0002895625
        0.0162366164        0.0006135713       -0.0211341862
       -0.1470974625       -0.0055979950        0.2462839824
       -0.0000807136       -0.0001880900        0.0000017276
       -0.0000026311       -0.0000119899       -0.0000206674
        0.0001131863       -0.0004372349        0.0009149376
        0.0000241325       -0.0000058387        0.0016502188
       -0.0000088750        0.0000250826        0.0000231739
       -0.0000003825        0.0000021950       -0.0000065987
        0.0000801401        0.0000277088       -0.0000692437
       -0.0001677999       -0.0005671887        0.0001912926
       -0.0000049799       -0.0000066287        0.0000043688
        0.0000020763       -0.0000024011       -0.0000022175
       -0.0002601963       -0.0000831187        0.0002530688
        0.0000050601        0.0000143763       -0.0000023336
        0.0002539389        0.0011504189       -0.0002625574
       -0.0110402362       -0.0004164749        0.0155142502
        0.0001151888        0.0000015027       -0.0002424849
       -0.1418153599       -0.0039088674        0.1325245189
       -0.0000015186       -0.0000128649       -0.0000408849
       -0.0125034799       -0.0003628098        0.0174995501
        0.0000082064        0.0000033126        0.0000073577
        0.0005226588       -0.0012572974       -0.0003685773
        0.0006327101       -0.0004006999       -0.0002170336
        0.0000496664       -0.0000748912       -0.0000890361
        0.0001668702        0.0006951439       -0.0000711886
       -0.0016830749       -0.0033575087        0.0000597576
       -0.0000543049       -0.0000154099        0.0000026201
        0.0000805601        0.0001956452       -0.0000807136
        0.1551646523        0.0040059626       -0.1470974611
        0.0112964951        0.0004615564       -0.0162405049
        0.0000036338       -0.0000026099       -0.0000000799
        0.0000227350       -0.0000366448       -0.0000064811
       -0.0022062461        0.0036118777        0.0000206789
        0.0002759101       -0.0007807311       -0.0000976499
       -0.0000066223       -0.0000009349       -0.0000008174
       -0.0000014099        0.0000042576       -0.0000050436
        0.0006245340        0.0004822864       -0.0002024886
        0.0000436776        0.0001077652       -0.0000743174
       -0.0000006199       -0.0000091637        0.0000012638
        0.0000516838       -0.0001248049       -0.0003400136
       -0.0008995100        0.0019031900        0.0010073737
       -0.0173627013       -0.0025714987        0.0244819626
       -0.0000738525       -0.0000422673       -0.0000597987
       -0.0039435437       -0.0427962649        0.0049812276
        0.0000630575        0.0000469276       -0.0000660911
        0.0167138776       -0.0013818424       -0.0232626225
       -0.0000049312        0.0000225100       -0.0000036462
        0.0006251263        0.0018529126       -0.0009271374
        0.0004785225       -0.0003910824       -0.0005581925
        0.0000824163       -0.0000111937       -0.0000234349
        0.0006946301        0.0011071013       -0.0004478012
       -0.0033680325       -0.0051122187       -0.0000101587
       -0.0000154024        0.0000113988        0.0000119750
        0.0001956438        0.0000742338       -0.0001880900
        0.0040059626        0.0517158699       -0.0055979937
        0.0004615588       -0.0006767436       -0.0006151837
        0.0000027512       -0.0000035499        0.0000025101
        0.0000442549       -0.0000601300       -0.0000268700
        0.0036967675       -0.0046389187       -0.0000450225
       -0.0007821150        0.0009946950        0.0004286500
       -0.0000036837        0.0000000663        0.0000010201
        0.0000018838        0.0000102163       -0.0000049525
       -0.0004444011       -0.0003431324        0.0005599188
       -0.0000698250       -0.0000333586        0.0000023825
        0.0000018312       -0.0000018787        0.0000010725
       -0.0001430200        0.0003219250        0.0002774014
       -0.0000537650       -0.0003413599        0.0000085576
       -0.0009616875       -0.0015330300       -0.0001821924
       -0.0003152837        0.0001105926        0.0002922813
        0.1338472401        0.0050691963       -0.2307644361
        0.0000732113        0.0000547276       -0.0000292199
       -0.0009503512        0.0015931014       -0.0003067662
       -0.0000206349        0.0000144263        0.0000054226
       -0.0002279599        0.0002183713        0.0001170039
       -0.0002574325        0.0005411713        0.0002895625
        0.0000875050       -0.0000202562       -0.0000347362
        0.0000734476        0.0004463301        0.0009082088
        0.0000549751       -0.0000113262        0.0016091351
       -0.0000026261       -0.0000119849       -0.0000206675
       -0.0000807187       -0.0001880924        0.0000017276
       -0.1470974611       -0.0055979937        0.2462839824
        0.0162366101        0.0006135738       -0.0211341836
       -0.0000003850        0.0000021926       -0.0000065924
       -0.0000088787        0.0000250838        0.0000231688
        0.0000241313       -0.0000058387        0.0016502214
        0.0001131863       -0.0004372262        0.0009149414
        0.0000020675       -0.0000023999       -0.0000022162
       -0.0000049850       -0.0000066300        0.0000043750
       -0.0001677937       -0.0005671836        0.0001912888
        0.0000801425        0.0000277151       -0.0000692374
        0.0000050576        0.0000143763       -0.0000023449
       -0.0002601962       -0.0000831212        0.0002530701
        0.0002539301        0.0011504213        0.0002626426
       -0.0110402399       -0.0004164811       -0.0155145661
        0.0001151863        0.0000015002        0.0002424576
       -0.1418153661       -0.0039088711       -0.1323351223
       -0.0000015174       -0.0000128686        0.0000408826
       -0.0125034799       -0.0003628161       -0.0174998573
        0.0000082001        0.0000033076       -0.0000073673
        0.0005226526       -0.0012572987        0.0003686389
        0.0000496689       -0.0000748924        0.0000890213
        0.0006327076       -0.0004007074        0.0002171227
       -0.0016830761       -0.0033575211       -0.0000599712
        0.0001668688        0.0006951376        0.0000712139
        0.0000805552        0.0001956339        0.0000806951
       -0.0000543125       -0.0000154073       -0.0000026311
        0.0112964951        0.0004615588        0.0162366101
        0.1551646598        0.0040059564        0.1472848689
        0.0000227338       -0.0000366499        0.0000064814
        0.0000036275       -0.0000026112        0.0000000814
        0.0002759077       -0.0007807348        0.0000976851
       -0.0022062436        0.0036118738       -0.0000209174
       -0.0000014186        0.0000042527        0.0000050376
       -0.0000066236       -0.0000009373        0.0000008163
        0.0000436714        0.0001077627        0.0000743039
        0.0006245338        0.0004822839        0.0002025676
       -0.0000006224       -0.0000091649       -0.0000012675
        0.0000516839       -0.0001248062        0.0003399914
       -0.0008995175        0.0019031888       -0.0010072174
       -0.0173627037       -0.0025715036       -0.0244827961
       -0.0000738549       -0.0000422710        0.0000597564
       -0.0039435461       -0.0427962649       -0.0050655211
        0.0000630526        0.0000469289        0.0000660863
        0.0167138727       -0.0013818448        0.0232617701
       -0.0000049311        0.0000225025        0.0000036464
        0.0006251225        0.0018529101        0.0009273288
        0.0000824163       -0.0000111974        0.0000234863
        0.0004785126       -0.0003910887        0.0005581976
       -0.0033680311       -0.0051122211        0.0000099351
        0.0006946226        0.0011070963        0.0004478938
        0.0001956376        0.0000742263        0.0001880750
       -0.0000154062        0.0000113951       -0.0000119899
        0.0004615564       -0.0006767436        0.0006135738
        0.0040059564        0.0517158773        0.0055219126
        0.0000442488       -0.0000601361        0.0000268689
        0.0000027463       -0.0000035549       -0.0000025162
       -0.0007821262        0.0009946952       -0.0004285574
        0.0036967713       -0.0046389224        0.0000448038
        0.0000018776        0.0000102089        0.0000049501
       -0.0000036837        0.0000000676       -0.0000010237
       -0.0000698273       -0.0000333611       -0.0000023274
       -0.0004444049       -0.0003431349       -0.0005598912
        0.0000018263       -0.0000018800       -0.0000010837
       -0.0001430149        0.0003219276       -0.0002774111
        0.0000539150        0.0003415489        0.0000085588
        0.0009604101        0.0015325413       -0.0001821886
        0.0003152888       -0.0001105710        0.0002922826
       -0.1336565462       -0.0051413649       -0.2307644361
       -0.0000732074       -0.0000547299       -0.0000292174
        0.0009488527       -0.0015933898       -0.0003067637
        0.0000206414       -0.0000144225        0.0000054226
        0.0002280500       -0.0002181999        0.0001170051
       -0.0000875374        0.0000203001       -0.0000347374
        0.0002575014       -0.0005411562        0.0002895689
       -0.0000552061        0.0000110864        0.0016091389
       -0.0000734386       -0.0004462436        0.0009082039
        0.0000807001        0.0001880789        0.0000017351
        0.0000026225        0.0000119789       -0.0000206674
       -0.0162405049       -0.0006151837       -0.0211341836
        0.1472848689        0.0055219126        0.2462839798
        0.0000088725       -0.0000250974        0.0000231702
        0.0000003700       -0.0000022049       -0.0000065937
       -0.0001131624        0.0004372976        0.0009149414
       -0.0000243761        0.0000056151        0.0016502251
        0.0000049701        0.0000066164        0.0000043789
       -0.0000020836        0.0000023976       -0.0000022137
       -0.0000801674       -0.0000276786       -0.0000692411
        0.0001678676        0.0005671664        0.0001912963
       -0.0000050587       -0.0000143812       -0.0000023399
        0.0002602151        0.0000831275        0.0002530714
        0.0002929087       -0.0013029637        0.0001824737
        0.0001125325        0.0000135388        0.0002543688
       -0.0126017862       -0.0001555837       -0.0176331901
        0.0000028712        0.0000131775        0.0000461301
       -0.1437936950       -0.0039775300       -0.1341559175
        0.0000124101       -0.0000094162       -0.0000088774
       -0.0101934749        0.0000040026       -0.0145647075
       -0.0000119575        0.0000005213       -0.0000023699
        0.0000481738        0.0000821638        0.0000920200
        0.0006433300        0.0004798550        0.0002649751
        0.0001125651       -0.0001972350        0.0000959125
       -0.0000573475        0.0000105088       -0.0000028975
       -0.0022062449        0.0036967638       -0.0000243788
        0.0002759112       -0.0007821174        0.0001131863
        0.0000036338        0.0000027512       -0.0000003850
        0.0000227338        0.0000442488        0.0000088725
        0.1563789650        0.0041108613        0.1488089612
        0.0115108500        0.0004695538        0.0162274900
       -0.0000058324        0.0000018937        0.0000004988
        0.0000008788       -0.0000037438        0.0000066163
       -0.0014029225       -0.0034602112        0.0000375537
        0.0000646938        0.0007690125        0.0000431037
        0.0000006175        0.0000001076        0.0000000626
        0.0000044837        0.0000021088        0.0000031425
        0.0007852250        0.0001390899        0.0003887125
        0.0000009500        0.0000061687       -0.0000005762
        0.0007743500        0.0018789076        0.0010149975
        0.0000891388       -0.0000399787       -0.0000361212
        0.0168312713       -0.0013927598        0.0233873426
       -0.0000662762        0.0000427638       -0.0000639299
       -0.0039374937       -0.0429518962       -0.0053274199
        0.0000021988        0.0000230239       -0.0000034799
       -0.0181257024       -0.0019336899       -0.0248162537
        0.0000021250        0.0000033476        0.0000012601
       -0.0000792887       -0.0000096399       -0.0000157299
       -0.0004042324       -0.0003899661       -0.0005399036
       -0.0001921536        0.0000430338       -0.0001806374
        0.0000086339        0.0000139350        0.0000119726
        0.0036118751       -0.0046389261        0.0000056139
       -0.0007807387        0.0009946901       -0.0004372349
       -0.0000026099       -0.0000035499        0.0000021926
       -0.0000366499       -0.0000601361       -0.0000250974
        0.0041108613        0.0521035298        0.0060024863
        0.0004695501       -0.0006752123        0.0005247963
        0.0000018901       -0.0000005812        0.0000010063
       -0.0000037486        0.0000085139       -0.0000050487
       -0.0038516399       -0.0051645862        0.0001658076
        0.0007027989        0.0011763539        0.0004678076
       -0.0000005986       -0.0000004349        0.0000006726
       -0.0000022274       -0.0000028623       -0.0000022062
        0.0008356501        0.0009747488       -0.0002163561
        0.0000004626       -0.0000016974        0.0000001926
        0.0000936176       -0.0003600449       -0.0000003587
        0.0003102601        0.0001359101        0.0003003164
        0.0009618326       -0.0013495936       -0.0002831175
       -0.0000747087        0.0000521414       -0.0000288749
       -0.1357229086       -0.0054247162       -0.2333844674
        0.0000226564        0.0000095814        0.0000042964
        0.0016215751        0.0014977876        0.0008243488
       -0.0000156562        0.0000038201       -0.0000053537
       -0.0000828349       -0.0000200287       -0.0000382200
        0.0002200188        0.0005649488        0.0002946401
        0.0000966939       -0.0001851987        0.0000019377
        0.0000047864       -0.0000133324       -0.0000220024
       -0.0000209186        0.0000448026        0.0016502188
       -0.0000976588        0.0004286414        0.0009149376
       -0.0000000799        0.0000025101       -0.0000065924
        0.0000064814        0.0000268689        0.0000231702
        0.1488089612        0.0060024863        0.2485460848
       -0.0162313975       -0.0005263974       -0.0211504624
       -0.0000004936       -0.0000010099       -0.0000028436
        0.0000066152       -0.0000050424        0.0000053200
        0.0003547051       -0.0000310824        0.0015611550
       -0.0001412749       -0.0003467412        0.0008260700
       -0.0000003224        0.0000005701       -0.0000021286
        0.0000028101        0.0000026402        0.0000061051
        0.0000588513       -0.0005910687       -0.0000341437
        0.0000035276        0.0000052864        0.0000002851
        0.0002929099       -0.0013029675       -0.0001823950
        0.0001125325        0.0000135400       -0.0002544050
       -0.0126017900       -0.0001555849        0.0176328925
        0.0000028688        0.0000131800       -0.0000461274
       -0.1437936962       -0.0039775287        0.1343466813
        0.0000124088       -0.0000094174        0.0000088676
       -0.0101934699        0.0000040000        0.0145643425
       -0.0000119550        0.0000005263        0.0000023714
        0.0006433351        0.0004798601       -0.0002648900
        0.0000481712        0.0000821638       -0.0000920337
       -0.0000573450        0.0000105101        0.0000028963
        0.0001125613       -0.0001972350       -0.0000959187
        0.0002759088       -0.0007821212       -0.0001131650
       -0.0022062488        0.0036967675        0.0000241325
        0.0000227350        0.0000442549       -0.0000088787
        0.0000036275        0.0000027463        0.0000003700
        0.0115108500        0.0004695501       -0.0162313975
        0.1563789650        0.0041108650       -0.1486201200
        0.0000008713       -0.0000037475       -0.0000066137
       -0.0000058337        0.0000018962       -0.0000004950
        0.0000646926        0.0007690100       -0.0000430774
       -0.0014029237       -0.0034602125       -0.0000378363
        0.0000044800        0.0000021113       -0.0000031412
        0.0000006175        0.0000001064       -0.0000000688
        0.0007852262        0.0001390862       -0.0003887438
        0.0000009525        0.0000061700        0.0000005775
        0.0007743588        0.0018789088       -0.0010148462
        0.0000891426       -0.0000399774        0.0000360563
        0.0168312725       -0.0013927598       -0.0233882187
       -0.0000662725        0.0000427626        0.0000639276
       -0.0039374900       -0.0429518962        0.0052422601
        0.0000022051        0.0000230201        0.0000034714
       -0.0181256974       -0.0019336899        0.0248153851
        0.0000021300        0.0000033475       -0.0000012648
       -0.0004042249       -0.0003899586        0.0005399225
       -0.0000792874       -0.0000096399        0.0000157776
        0.0000086364        0.0000139401       -0.0000119637
       -0.0001921499        0.0000430363        0.0001806301
       -0.0007807323        0.0009946901        0.0004373000
        0.0036118750       -0.0046389199       -0.0000058387
       -0.0000366448       -0.0000601300        0.0000250838
       -0.0000026112       -0.0000035549       -0.0000022049
        0.0004695538       -0.0006752123       -0.0005263974
        0.0041108650        0.0521035248       -0.0060793737
       -0.0000037486        0.0000085138        0.0000050426
        0.0000019013       -0.0000005750       -0.0000010074
        0.0007027989        0.0011763576       -0.0004676937
       -0.0038516324       -0.0051645849       -0.0001661474
       -0.0000022261       -0.0000028561        0.0000022089
       -0.0000005925       -0.0000004324       -0.0000006762
        0.0008356500        0.0009747551        0.0002164851
        0.0000004638       -0.0000016937       -0.0000001962
       -0.0000934675        0.0003602488       -0.0000003575
       -0.0003102487       -0.0001358774        0.0003003176
       -0.0009633175        0.0013493077       -0.0002831175
        0.0000747163       -0.0000521474       -0.0000288724
        0.1359148825        0.0053517113       -0.2333844649
       -0.0000226449       -0.0000095786        0.0000042988
       -0.0016227961       -0.0014981887        0.0008243526
        0.0000156725       -0.0000038111       -0.0000053486
       -0.0002199287       -0.0005649349        0.0002946413
        0.0000828125        0.0000200851       -0.0000382212
       -0.0000047949        0.0000133351       -0.0000219912
       -0.0000967061        0.0001851950        0.0000019376
        0.0000976927       -0.0004285612        0.0009149400
        0.0000206801       -0.0000450224        0.0016502188
       -0.0000064811       -0.0000268700        0.0000231688
        0.0000000814       -0.0000025162       -0.0000065937
        0.0162274900        0.0005247963       -0.0211504624
       -0.1486201200       -0.0060793737        0.2485460799
       -0.0000066162        0.0000050426        0.0000053214
        0.0000004975        0.0000010125       -0.0000028424
        0.0001412926        0.0003468213        0.0008260626
       -0.0003549261        0.0000308588        0.0015611600
       -0.0000028086       -0.0000026398        0.0000061014
        0.0000003213       -0.0000005749       -0.0000021199
       -0.0000589437        0.0005912887       -0.0000341424
       -0.0000035150       -0.0000052799        0.0000002851
        0.0001125300        0.0000135413       -0.0002544024
        0.0002929126       -0.0013029700       -0.0001823950
        0.0000028675        0.0000131839       -0.0000461250
       -0.0126017812       -0.0001555911        0.0176328876
        0.0000124163       -0.0000094174        0.0000088713
       -0.1437936987       -0.0039775311        0.1343466851
       -0.0000119586        0.0000005276        0.0000023701
       -0.0101934700        0.0000040026        0.0145643464
        0.0001125589       -0.0001972337       -0.0000959187
       -0.0000573511        0.0000105101        0.0000028926
        0.0000481714        0.0000821688       -0.0000920349
        0.0006433289        0.0004798601       -0.0002648911
        0.0000036314        0.0000027514        0.0000003725
        0.0000227376        0.0000442552       -0.0000088750
       -0.0022062461        0.0036967675        0.0000241313
        0.0002759077       -0.0007821262       -0.0001131624
       -0.0000058324        0.0000018901       -0.0000004936
        0.0000008713       -0.0000037486       -0.0000066162
        0.1563789648        0.0041108601       -0.1486201174
        0.0115108551        0.0004695501       -0.0162313962
        0.0000006189        0.0000001013       -0.0000000737
        0.0000044776        0.0000021088       -0.0000031412
       -0.0014029211       -0.0034602085       -0.0000378424
        0.0000646939        0.0007690139       -0.0000430799
        0.0000009526        0.0000061651        0.0000005713
        0.0007852289        0.0001390875       -0.0003887386
        0.0000891413       -0.0000399762        0.0000360625
        0.0007743564        0.0018789126       -0.0010148462
       -0.0000662725        0.0000427713        0.0000639326
        0.0168312764       -0.0013927674       -0.0233882187
        0.0000022076        0.0000230201        0.0000034688
       -0.0039374899       -0.0429518948        0.0052422613
        0.0000021301        0.0000033501       -0.0000012636
       -0.0181256974       -0.0019336912        0.0248153851
       -0.0001921499        0.0000430376        0.0001806325
        0.0000086376        0.0000139401       -0.0000119699
       -0.0000792861       -0.0000096374        0.0000157813
       -0.0004042337       -0.0003899587        0.0005399200
       -0.0000026098       -0.0000035537       -0.0000022025
       -0.0000366474       -0.0000601336        0.0000250826
        0.0036118777       -0.0046389187       -0.0000058387
       -0.0007807348        0.0009946952        0.0004372976
        0.0000018937       -0.0000005812       -0.0000010099
       -0.0000037475        0.0000085138        0.0000050426
        0.0041108601        0.0521035248       -0.0060793687
        0.0004695563       -0.0006752087       -0.0005263937
       -0.0000005986       -0.0000004374       -0.0000006787
       -0.0000022274       -0.0000028574        0.0000022113
       -0.0038516286       -0.0051645848       -0.0001661537
        0.0007028063        0.0011763601       -0.0004676937
        0.0000004613       -0.0000016936       -0.0000002024
        0.0008356538        0.0009747550        0.0002164863
       -0.0003102524       -0.0001358736        0.0003003188
       -0.0000934649        0.0003602488       -0.0000003574
        0.0000747125       -0.0000521449       -0.0000288686
       -0.0009633187        0.0013493039       -0.0002831224
       -0.0000226412       -0.0000095774        0.0000043001
        0.1359148776        0.0053517114       -0.2333844649
        0.0000156652       -0.0000038074       -0.0000053511
       -0.0016227912       -0.0014981862        0.0008243551
       -0.0000967037        0.0001852025        0.0000019401
       -0.0000047949        0.0000133301       -0.0000219936
        0.0000828114        0.0000200876       -0.0000382200
       -0.0002199299       -0.0005649349        0.0002946401
        0.0000000851       -0.0000025161       -0.0000065974
       -0.0000064762       -0.0000268711        0.0000231739
        0.0000206789       -0.0000450225        0.0016502214
        0.0000976851       -0.0004285574        0.0009149414
        0.0000004988        0.0000010063       -0.0000028436
       -0.0000066137        0.0000050426        0.0000053214
       -0.1486201174       -0.0060793687        0.2485460773
        0.0162274951        0.0005248038       -0.0211504587
        0.0000003139       -0.0000005774       -0.0000021237
       -0.0000028074       -0.0000026337        0.0000061101
       -0.0003549236        0.0000308614        0.0015611564
        0.0001412988        0.0003468276        0.0008260713
       -0.0000035149       -0.0000052761        0.0000002851
       -0.0000589412        0.0005912913       -0.0000341323
        0.0001125301        0.0000135463        0.0002543725
        0.0002929163       -0.0013029637        0.0001824726
        0.0000028688        0.0000131876        0.0000461351
       -0.0126017849       -0.0001555887       -0.0176331936
        0.0000124150       -0.0000094162       -0.0000088774
       -0.1437936974       -0.0039775261       -0.1341559124
       -0.0000119536        0.0000005264       -0.0000023724
       -0.0101934675        0.0000040038       -0.0145647012
       -0.0000573462        0.0000105163       -0.0000028912
        0.0001125613       -0.0001972325        0.0000959139
        0.0006433339        0.0004798638        0.0002649826
        0.0000481739        0.0000821688        0.0000920176
        0.0000227414        0.0000442551        0.0000088775
        0.0000036350        0.0000027526       -0.0000003825
        0.0002759101       -0.0007821150        0.0001131863
       -0.0022062436        0.0036967713       -0.0000243761
        0.0000008788       -0.0000037486        0.0000066152
       -0.0000058337        0.0000019013        0.0000004975
        0.0115108551        0.0004695563        0.0162274951
        0.1563789598        0.0041108650        0.1488089639
        0.0000044776        0.0000021088        0.0000031438
        0.0000006163        0.0000001113        0.0000000676
        0.0000646951        0.0007690127        0.0000431064
       -0.0014029150       -0.0034602061        0.0000375551
        0.0000009538        0.0000061663       -0.0000005824
        0.0007852275        0.0001390912        0.0003887214
        0.0000891425       -0.0000399750       -0.0000361162
        0.0007743600        0.0018789100        0.0010150013
       -0.0000662700        0.0000427701       -0.0000639263
        0.0168312776       -0.0013927649        0.0233873451
        0.0000022063        0.0000230276       -0.0000034800
       -0.0039374900       -0.0429518949       -0.0053274162
        0.0000021313        0.0000033538        0.0000012613
       -0.0181256937       -0.0019336863       -0.0248162424
        0.0000086413        0.0000139476        0.0000119788
       -0.0001921475        0.0000430388       -0.0001806336
       -0.0004042300       -0.0003899574       -0.0005398999
       -0.0000792862       -0.0000096350       -0.0000157287
       -0.0000366450       -0.0000601312       -0.0000250975
       -0.0000026088       -0.0000035449        0.0000021950
       -0.0007807311        0.0009946950       -0.0004372262
        0.0036118738       -0.0046389224        0.0000056151
       -0.0000037438        0.0000085139       -0.0000050424
        0.0000018962       -0.0000005750        0.0000010125
        0.0004695501       -0.0006752087        0.0005248038
        0.0041108650        0.0521035224        0.0060024938
       -0.0000022274       -0.0000028574       -0.0000022112
       -0.0000005925       -0.0000004337        0.0000006813
        0.0007028051        0.0011763589        0.0004678100
       -0.0038516287       -0.0051645812        0.0001658150
        0.0000004638       -0.0000016937        0.0000001938
        0.0008356538        0.0009747538       -0.0002163449
        0.0003102650        0.0001359163        0.0003003163
        0.0000936213       -0.0003600437       -0.0000003562
       -0.0000747012        0.0000521489       -0.0000288674
        0.0009618363       -0.0013495912       -0.0002831199
        0.0000226564        0.0000095876        0.0000043013
       -0.1357229149       -0.0054247174       -0.2333844637
       -0.0000156574        0.0000038201       -0.0000053537
        0.0016215763        0.0014977876        0.0008243538
        0.0000047913       -0.0000133262       -0.0000219949
        0.0000967000       -0.0001851999        0.0000019426
        0.0002200201        0.0005649513        0.0002946426
       -0.0000828374       -0.0000200237       -0.0000382212
        0.0000064864        0.0000268739        0.0000231726
       -0.0000000812        0.0000025126       -0.0000065987
       -0.0000976499        0.0004286500        0.0009149414
       -0.0000209174        0.0000448038        0.0016502251
        0.0000066163       -0.0000050487        0.0000053200
       -0.0000004950       -0.0000010074       -0.0000028424
       -0.0162313962       -0.0005263937       -0.0211504587
        0.1488089639        0.0060024938        0.2485460799
        0.0000028101        0.0000026376        0.0000061013
       -0.0000003187        0.0000005750       -0.0000021237
       -0.0001412737       -0.0003467324        0.0008260664
        0.0003547063       -0.0000310786        0.0015611575
        0.0000035288        0.0000052888        0.0000002813
        0.0000588576       -0.0005910675       -0.0000341362
        0.0001221925        0.0000583838        0.0002065313
       -0.0000158137       -0.0000101187        0.0000429750
        0.0004284863        0.0012712689        0.0004410488
        0.0000225076        0.0000095250       -0.0000096924
       -0.0111063949       -0.0001310311       -0.0156442962
       -0.0000218486        0.0000005064       -0.0000024698
       -0.1442136748       -0.0069315487       -0.1393409312
        0.0000095125       -0.0000035824       -0.0000020312
       -0.0000584411       -0.0000210687        0.0000032988
        0.0000682689        0.0001859188        0.0000780639
        0.0000220976       -0.0000358561        0.0000040789
        0.0000044426       -0.0000020137       -0.0000007537
        0.0006245289       -0.0004444086        0.0001678613
        0.0000436675       -0.0000698299        0.0000801401
       -0.0000066223       -0.0000036837        0.0000020675
       -0.0000014186        0.0000018776        0.0000049701
       -0.0014029225       -0.0038516399        0.0003547051
        0.0000646926        0.0007027989        0.0001412926
        0.0000006189       -0.0000005986        0.0000003139
        0.0000044776       -0.0000022274        0.0000028101
        0.1543912448        0.0107040839        0.1529752601
        0.0121998113        0.0007630326        0.0167738776
       -0.0000031486        0.0000001864        0.0000010139
       -0.0000007749        0.0000012601        0.0000012739
       -0.0111755812       -0.0022231124       -0.0161042137
        0.0000008376       -0.0000086249       -0.0000000436
       -0.0000977649       -0.0000561212        0.0000789425
        0.0000819226        0.0000541051        0.0000706751
       -0.0008069687        0.0020898176       -0.0011132162
       -0.0000165812        0.0000243138        0.0000040651
       -0.0171684837       -0.0019195512       -0.0248652387
        0.0000046702        0.0000042901       -0.0000024036
       -0.0060373937       -0.0438337549       -0.0096220499
       -0.0000039074        0.0000017901       -0.0000005224
       -0.0000120962        0.0000151776       -0.0000195275
        0.0001987451        0.0000868038        0.0001858739
        0.0000429502       -0.0000613262        0.0000254826
        0.0000023876       -0.0000037949       -0.0000021011
        0.0004822864       -0.0003431386        0.0005671688
        0.0001077638       -0.0000333611        0.0000277088
       -0.0000009349        0.0000000663       -0.0000023999
        0.0000042527        0.0000102089        0.0000066164
       -0.0034602112       -0.0051645862       -0.0000310824
        0.0007690100        0.0011763576        0.0003468213
        0.0000001013       -0.0000004374       -0.0000005774
        0.0000021088       -0.0000028574        0.0000026376
        0.0107040839        0.0474149223        0.0109395501
        0.0007630326       -0.0011250862        0.0008385325
        0.0000001838        0.0000002314       -0.0000009424
        0.0000012651        0.0000009264        0.0000018225
        0.0143968376        0.0016615351        0.0224802901
        0.0000005938        0.0000018288       -0.0000000474
        0.0003037663       -0.0000621387        0.0002706451
       -0.0000635050       -0.0000514474       -0.0000223500
        0.0002333901        0.0003685288        0.0000366113
        0.0000225113       -0.0000022974        0.0000034663
        0.0014346263        0.0013849851        0.0006450726
       -0.0000195624       -0.0000032486       -0.0000059949
       -0.1399280149       -0.0107784750       -0.2395533524
        0.0000046638       -0.0000040463       -0.0000005974
        0.0000046951        0.0000128926       -0.0000195150
        0.0000659251        0.0001735963       -0.0000048261
        0.0000059664       -0.0000227762        0.0000199188
       -0.0000004974       -0.0000025263       -0.0000063349
        0.0002025651       -0.0005598962        0.0001912938
       -0.0000743200        0.0000023813       -0.0000692437
       -0.0000008174        0.0000010201       -0.0000022162
        0.0000050376        0.0000049501        0.0000043789
        0.0000375537        0.0001658076        0.0015611550
       -0.0000430774       -0.0004676937        0.0008260626
       -0.0000000737       -0.0000006787       -0.0000021237
        0.0000031438       -0.0000022112        0.0000061013
        0.1529752601        0.0109395501        0.2554616974
       -0.0167775725       -0.0008399400       -0.0200776325
       -0.0000010224        0.0000009364       -0.0000001737
        0.0000012788        0.0000018277        0.0000019563
        0.0017903825       -0.0003294287        0.0007365375
        0.0000002913       -0.0000048012       -0.0000003111
        0.0001221975        0.0000583863       -0.0002065699
       -0.0000158137       -0.0000101174       -0.0000429824
        0.0004284888        0.0012712727       -0.0004410025
        0.0000225076        0.0000095288        0.0000096826
       -0.0111063937       -0.0001310337        0.0156438751
       -0.0000218498        0.0000005064        0.0000024601
       -0.1442136661       -0.0069315411        0.1395281289
        0.0000095138       -0.0000035824        0.0000020201
        0.0000682726        0.0001859238       -0.0000780762
       -0.0000584387       -0.0000210725       -0.0000033049
        0.0000044514       -0.0000020074        0.0000007476
        0.0000220963       -0.0000358549       -0.0000040724
        0.0000436714       -0.0000698287       -0.0000801688
        0.0006245350       -0.0004444036       -0.0001677999
       -0.0000014099        0.0000018838       -0.0000049850
       -0.0000066236       -0.0000036837       -0.0000020836
        0.0000646938        0.0007027989       -0.0001412749
       -0.0014029237       -0.0038516324       -0.0003549261
        0.0000044776       -0.0000022274       -0.0000028074
        0.0000006163       -0.0000005925       -0.0000003187
        0.0121998113        0.0007630326       -0.0167775725
        0.1543912398        0.0107040925       -0.1527893674
       -0.0000007749        0.0000012614       -0.0000012849
       -0.0000031475        0.0000001901       -0.0000010212
       -0.0111755812       -0.0022231087        0.0161037851
        0.0000008375       -0.0000086224        0.0000000414
       -0.0000977612       -0.0000561200       -0.0000789987
        0.0000819188        0.0000541051       -0.0000706724
       -0.0008069625        0.0020898189        0.0011133413
       -0.0000165799        0.0000243126       -0.0000040736
       -0.0171684787       -0.0019195524        0.0248643988
        0.0000046726        0.0000042951        0.0000024001
       -0.0060373887       -0.0438337537        0.0095362501
       -0.0000039037        0.0000017987        0.0000005226
        0.0001987563        0.0000868113       -0.0001858725
       -0.0000120937        0.0000151800        0.0000195288
        0.0000023926       -0.0000037912        0.0000021063
        0.0000429500       -0.0000613200       -0.0000254850
        0.0001077676       -0.0000333599       -0.0000276788
        0.0004822850       -0.0003431349       -0.0005671887
        0.0000042576        0.0000102163       -0.0000066300
       -0.0000009373        0.0000000676        0.0000023976
        0.0007690125        0.0011763539       -0.0003467412
       -0.0034602125       -0.0051645849        0.0000308588
        0.0000021088       -0.0000028574       -0.0000026337
        0.0000001113       -0.0000004337        0.0000005750
        0.0007630326       -0.0011250862       -0.0008399400
        0.0107040925        0.0474149174       -0.0110174824
        0.0000012638        0.0000009264       -0.0000018274
        0.0000001889        0.0000002339        0.0000009388
        0.0143968438        0.0016615375       -0.0224816937
        0.0000006001        0.0000018300        0.0000000451
       -0.0003037463        0.0000621812        0.0002706525
        0.0000635163        0.0000514451       -0.0000223487
       -0.0002332163       -0.0003683262        0.0000366126
       -0.0000224924        0.0000022938        0.0000034726
       -0.0014361987       -0.0013854812        0.0006450738
        0.0000195676        0.0000032551       -0.0000059912
        0.1401172213        0.0107053037       -0.2395533500
       -0.0000046499        0.0000040538       -0.0000005937
       -0.0000659374       -0.0001735962       -0.0000048237
       -0.0000047000       -0.0000128912       -0.0000195087
        0.0000004925        0.0000025275       -0.0000063299
       -0.0000059600        0.0000227825        0.0000199201
        0.0000743064       -0.0000023250       -0.0000692375
       -0.0002024850        0.0005599238        0.0001912926
       -0.0000050436       -0.0000049525        0.0000043750
        0.0000008163       -0.0000010237       -0.0000022137
        0.0000431037        0.0004678076        0.0008260700
       -0.0000378363       -0.0001661474        0.0015611600
       -0.0000031412        0.0000022113        0.0000061101
        0.0000000676        0.0000006813       -0.0000021237
        0.0167738776        0.0008385325       -0.0200776325
       -0.1527893674       -0.0110174824        0.2554616924
       -0.0000012774       -0.0000018262        0.0000019513
        0.0000010201       -0.0000009324       -0.0000001663
       -0.0017905474        0.0003307525        0.0007365376
       -0.0000002837        0.0000048063       -0.0000003024
       -0.0000158137       -0.0000101124       -0.0000429775
        0.0001221976        0.0000583852       -0.0002065699
        0.0000225076        0.0000095364        0.0000096875
        0.0004284914        0.0012712702       -0.0004410036
       -0.0000218449        0.0000005102        0.0000024613
       -0.0111063911       -0.0001310236        0.0156438826
        0.0000095152       -0.0000035799        0.0000020189
       -0.1442136674       -0.0069315436        0.1395281301
        0.0000221001       -0.0000358537       -0.0000040711
        0.0000044489       -0.0000020099        0.0000007464
       -0.0000584374       -0.0000210649       -0.0000033024
        0.0000682726        0.0001859238       -0.0000780761
       -0.0000066136       -0.0000036849       -0.0000020812
       -0.0000014074        0.0000018876       -0.0000049799
        0.0006245340       -0.0004444011       -0.0001677937
        0.0000436714       -0.0000698273       -0.0000801674
        0.0000006175       -0.0000005986       -0.0000003224
        0.0000044800       -0.0000022261       -0.0000028086
       -0.0014029211       -0.0038516286       -0.0003549236
        0.0000646951        0.0007028051       -0.0001412737
       -0.0000031486        0.0000001838       -0.0000010224
       -0.0000007749        0.0000012638       -0.0000012774
        0.1543912373        0.0107040939       -0.1527893711
        0.0121998188        0.0007630351       -0.0167775711
        0.0000008388       -0.0000086224        0.0000000363
       -0.0111755762       -0.0022231099        0.0161037952
        0.0000819201        0.0000541088       -0.0000706724
       -0.0000977574       -0.0000561224       -0.0000789998
       -0.0000165787        0.0000243177       -0.0000040698
       -0.0008069598        0.0020898139        0.0011133402
        0.0000046752        0.0000042952        0.0000023926
       -0.0171684823       -0.0019195510        0.0248643989
       -0.0000039048        0.0000017976        0.0000005226
       -0.0060373874       -0.0438337499        0.0095362527
        0.0000429527       -0.0000613186       -0.0000254849
        0.0000023914       -0.0000037924        0.0000021027
       -0.0000120910        0.0000151826        0.0000195339
        0.0001987502        0.0000868064       -0.0001858749
       -0.0000009335        0.0000000702        0.0000023926
        0.0000042589        0.0000102164       -0.0000066287
        0.0004822864       -0.0003431324       -0.0005671836
        0.0001077627       -0.0000333611       -0.0000276786
        0.0000001076       -0.0000004349        0.0000005701
        0.0000021113       -0.0000028561       -0.0000026398
       -0.0034602085       -0.0051645848        0.0000308614
        0.0007690127        0.0011763589       -0.0003467324
        0.0000001864        0.0000002314        0.0000009364
        0.0000012614        0.0000009264       -0.0000018262
        0.0107040939        0.0474149172       -0.0110174861
        0.0007630376       -0.0011250835       -0.0008399361
        0.0000005988        0.0000018314        0.0000000401
        0.0143968401        0.0016615363       -0.0224816873
        0.0000635126        0.0000514451       -0.0000223549
       -0.0003037486        0.0000621714        0.0002706476
       -0.0000224999        0.0000022952        0.0000034713
       -0.0002332224       -0.0003683311        0.0000366064
        0.0000195614        0.0000032502       -0.0000059948
       -0.0014362036       -0.0013854836        0.0006450701
       -0.0000046573        0.0000040475       -0.0000005974
        0.1401172226        0.0107052963       -0.2395533549
       -0.0000059612        0.0000227814        0.0000199164
        0.0000004889        0.0000025226       -0.0000063336
       -0.0000046999       -0.0000128861       -0.0000195148
       -0.0000659436       -0.0001735999       -0.0000048298
        0.0000008202       -0.0000010248       -0.0000022199
       -0.0000050425       -0.0000049561        0.0000043688
       -0.0002024886        0.0005599188        0.0001912888
        0.0000743039       -0.0000023274       -0.0000692411
        0.0000000626        0.0000006726       -0.0000021286
       -0.0000031412        0.0000022089        0.0000061014
       -0.0000378424       -0.0001661537        0.0015611564
        0.0000431064        0.0004678100        0.0008260664
        0.0000010139       -0.0000009424       -0.0000001737
       -0.0000012849       -0.0000018274        0.0000019513
       -0.1527893711       -0.0110174861        0.2554616998
        0.0167738813        0.0008385314       -0.0200776324
       -0.0000002887        0.0000047989       -0.0000003174
       -0.0017905524        0.0003307526        0.0007365414
       -0.0000158112       -0.0000101112        0.0000429800
        0.0001221963        0.0000583863        0.0002065426
        0.0000225126        0.0000095351       -0.0000096837
        0.0004284926        0.0012712688        0.0004410489
       -0.0000218437        0.0000005113       -0.0000024624
       -0.0111063899       -0.0001310261       -0.0156442936
        0.0000095189       -0.0000035762       -0.0000020299
       -0.1442136662       -0.0069315425       -0.1393409224
        0.0000044525       -0.0000020049       -0.0000007487
        0.0000221026       -0.0000358612        0.0000040838
        0.0000682763        0.0001859251        0.0000780688
       -0.0000584399       -0.0000210662        0.0000033051
       -0.0000014061        0.0000018826        0.0000049712
       -0.0000066137       -0.0000036812        0.0000020763
        0.0000436776       -0.0000698250        0.0000801425
        0.0006245338       -0.0004444049        0.0001678676
        0.0000044837       -0.0000022274        0.0000028101
        0.0000006175       -0.0000005925        0.0000003213
        0.0000646939        0.0007028063        0.0001412988
       -0.0014029150       -0.0038516287        0.0003547063
       -0.0000007749        0.0000012651        0.0000012788
       -0.0000031475        0.0000001889        0.0000010201
        0.0121998188        0.0007630376        0.0167738813
        0.1543912349        0.0107040951        0.1529752650
        0.0000008425       -0.0000086212       -0.0000000437
       -0.0111755737       -0.0022231050       -0.0161042036
        0.0000819214        0.0000541039        0.0000706763
       -0.0000977561       -0.0000561224        0.0000789439
       -0.0000165787        0.0000243202        0.0000040726
       -0.0008069623        0.0020898139       -0.0011132123
        0.0000046764        0.0000042952       -0.0000023999
       -0.0171684810       -0.0019195510       -0.0248652373
       -0.0000039061        0.0000017976       -0.0000005274
       -0.0060373849       -0.0438337511       -0.0096220448
        0.0000023951       -0.0000037898       -0.0000020974
        0.0000429502       -0.0000613236        0.0000254827
        0.0001987577        0.0000868139        0.0001858751
       -0.0000120924        0.0000151801       -0.0000195261
        0.0000042589        0.0000102164        0.0000066188
       -0.0000009299        0.0000000689       -0.0000024011
        0.0001077652       -0.0000333586        0.0000277151
        0.0004822839       -0.0003431349        0.0005671664
        0.0000021088       -0.0000028623        0.0000026402
        0.0000001064       -0.0000004324       -0.0000005749
        0.0007690139        0.0011763601        0.0003468276
       -0.0034602061       -0.0051645812       -0.0000310786
        0.0000012601        0.0000009264        0.0000018277
        0.0000001901        0.0000002339       -0.0000009324
        0.0007630351       -0.0011250835        0.0008385314
        0.0107040951        0.0474149172        0.0109395501
        0.0000005963        0.0000018301       -0.0000000499
        0.0143968401        0.0016615363        0.0224803027
       -0.0000635062       -0.0000514449       -0.0000223525
        0.0003037663       -0.0000621412        0.0002706488
        0.0000225087       -0.0000022849        0.0000034725
        0.0002333926        0.0003685263        0.0000366089
       -0.0000195563       -0.0000032474       -0.0000059912
        0.0014346301        0.0013849876        0.0006450750
        0.0000046651       -0.0000040425       -0.0000005949
       -0.1399280125       -0.0107784750       -0.2395533487
       -0.0000004962       -0.0000025175       -0.0000063325
        0.0000059651       -0.0000227787        0.0000199251
        0.0000659276        0.0001736013       -0.0000048212
        0.0000046963        0.0000128975       -0.0000195112
        0.0000050463        0.0000049526        0.0000043800
       -0.0000008150        0.0000010263       -0.0000022175
       -0.0000743174        0.0000023825       -0.0000692374
        0.0002025676       -0.0005598912        0.0001912963
        0.0000031425       -0.0000022062        0.0000061051
       -0.0000000688       -0.0000006762       -0.0000021199
       -0.0000430799       -0.0004676937        0.0008260713
        0.0000375551        0.0001658150        0.0015611575
        0.0000012739        0.0000018225        0.0000019563
       -0.0000010212        0.0000009388       -0.0000001663
       -0.0167775711       -0.0008399361       -0.0200776324
        0.1529752650        0.0109395501        0.2554616924
        0.0000002913       -0.0000047950       -0.0000003099
        0.0017903888       -0.0003294274        0.0007365438
        0.0009496475       -0.0009291413       -0.0000000350
       -0.0002755400       -0.0003048012        0.0000000013
       -0.0022687313       -0.0026359361       -0.0000000225
        0.0000922225       -0.0000709949       -0.0000000012
        0.0123794513       -0.0175126737        0.0000000163
       -0.0000399774       -0.0000296899       -0.0000000012
       -0.1533003049        0.1457040725       -0.0000226662
        0.0000112188       -0.0000119563        0.0000000075
        0.0000289526        0.0000828088        0.0000428462
        0.0000289475        0.0000828050       -0.0000428374
       -0.0000043462        0.0000131013        0.0000188575
       -0.0000043475        0.0000130987       -0.0000188475
        0.0000516839       -0.0001430224        0.0002602162
        0.0000516813       -0.0001430162       -0.0002601963
       -0.0000006199        0.0000018312        0.0000050576
       -0.0000006224        0.0000018263       -0.0000050587
        0.0007852250        0.0008356501        0.0000588513
        0.0007852262        0.0008356500       -0.0000589437
        0.0000009526        0.0000004613       -0.0000035149
        0.0000009538        0.0000004638        0.0000035288
       -0.0111755812        0.0143968376        0.0017903825
       -0.0111755812        0.0143968438       -0.0017905474
        0.0000008388        0.0000005988       -0.0000002887
        0.0000008425        0.0000005963        0.0000002913
        0.1630818375       -0.1543837288       -0.0000201813
       -0.0000022962       -0.0000051663        0.0000000013
        0.0019164787       -0.0008430950       -0.0000000137
       -0.0007256837       -0.0004464938       -0.0000000063
       -0.0056738899       -0.0040212812        0.0000000151
        0.0003185363       -0.0001297387        0.0000000026
        0.0194900726       -0.0200043949       -0.0000002599
       -0.0001444975       -0.0000505612       -0.0000000037
        0.1438517101       -0.2330975025       -0.0000374887
        0.0000651212       -0.0000297475        0.0000000026
       -0.0000501949       -0.0000143388        0.0000981350
       -0.0000501962       -0.0000143425       -0.0000981236
        0.0000119538        0.0000139651        0.0000268451
        0.0000119500        0.0000139637       -0.0000268400
       -0.0001248037        0.0003219251        0.0000831250
       -0.0001248025        0.0003219263       -0.0000831187
       -0.0000091637       -0.0000018787        0.0000143763
       -0.0000091649       -0.0000018800       -0.0000143812
        0.0001390899        0.0009747488       -0.0005910687
        0.0001390862        0.0009747551        0.0005912887
        0.0000061651       -0.0000016936       -0.0000052761
        0.0000061663       -0.0000016937        0.0000052888
       -0.0022231124        0.0016615351       -0.0003294287
       -0.0022231087        0.0016615375        0.0003307525
       -0.0000086224        0.0000018314        0.0000047989
       -0.0000086212        0.0000018301       -0.0000047950
       -0.1543837288        0.2527556799       -0.0000397925
       -0.0000051662       -0.0000438800        0.0000000063
       -0.0000000475       -0.0000000437        0.0006096763
       -0.0000000049       -0.0000000225       -0.0000120399
       -0.0000000412       -0.0000002274        0.0002270050
       -0.0000000012       -0.0000000099        0.0000058338
       -0.0000001675       -0.0000010524       -0.0013666499
       -0.0000000037        0.0000000001       -0.0000060299
       -0.0000248549       -0.0000439862       -0.0439174949
       -0.0000000013       -0.0000000025        0.0000011114
       -0.0000427037       -0.0000795787       -0.0000168137
        0.0000426926        0.0000795625       -0.0000168161
       -0.0000037924       -0.0000033462        0.0000038363
        0.0000037763        0.0000033363        0.0000038313
        0.0003399876       -0.0002774149        0.0002530725
       -0.0003400250        0.0002773988        0.0002530688
        0.0000012638        0.0000010725       -0.0000023449
       -0.0000012675       -0.0000010837       -0.0000023399
        0.0003887125       -0.0002163561       -0.0000341437
       -0.0003887438        0.0002164851       -0.0000341424
        0.0000005713       -0.0000002024        0.0000002851
       -0.0000005824        0.0000001938        0.0000002813
       -0.0161042137        0.0224802901        0.0007365375
        0.0161037851       -0.0224816937        0.0007365376
        0.0000000363        0.0000000401       -0.0000003174
       -0.0000000437       -0.0000000499       -0.0000003099
       -0.0000201813       -0.0000397925        0.0425782149
       -0.0000000025       -0.0000000062       -0.0000000799
       -0.0002755387       -0.0003047950        0.0000000013
        0.0009496500       -0.0009291424       -0.0000000374
        0.0000922225       -0.0000709887        0.0000000075
       -0.0022687274       -0.0026359412       -0.0000000262
       -0.0000399749       -0.0000296874        0.0000000013
        0.0123794526       -0.0175126724        0.0000000188
        0.0000112176       -0.0000119550        0.0000000001
       -0.1533003037        0.1457040713       -0.0000226624
       -0.0000043438        0.0000131001       -0.0000188500
       -0.0000043487        0.0000131026        0.0000188614
        0.0000289501        0.0000828125       -0.0000428361
        0.0000289475        0.0000828037        0.0000428426
       -0.0000006199        0.0000018263       -0.0000050587
       -0.0000006187        0.0000018338        0.0000050601
        0.0000516838       -0.0001430200       -0.0002601962
        0.0000516839       -0.0001430149        0.0002602151
        0.0000009500        0.0000004626        0.0000035276
        0.0000009525        0.0000004638       -0.0000035150
        0.0007852289        0.0008356538       -0.0000589412
        0.0007852275        0.0008356538        0.0000588576
        0.0000008376        0.0000005938        0.0000002913
        0.0000008375        0.0000006001       -0.0000002837
       -0.0111755762        0.0143968401       -0.0017905524
       -0.0111755737        0.0143968401        0.0017903888
       -0.0000022962       -0.0000051662       -0.0000000025
        0.1630818349       -0.1543837250       -0.0000201787
       -0.0007256850       -0.0004464925       -0.0000000063
        0.0019164787       -0.0008431000       -0.0000000162
        0.0003185338       -0.0001297337        0.0000000099
       -0.0056738862       -0.0040212837        0.0000000138
       -0.0001444937       -0.0000505575       -0.0000000037
        0.0194900688       -0.0200043961       -0.0000002574
        0.0000651201       -0.0000297475        0.0000000013
        0.1438517126       -0.2330975025       -0.0000374862
        0.0000119538        0.0000139638       -0.0000268338
        0.0000119538        0.0000139612        0.0000268451
       -0.0000501974       -0.0000143350       -0.0000981225
       -0.0000501987       -0.0000143388        0.0000981388
       -0.0000091574       -0.0000018787       -0.0000143812
       -0.0000091612       -0.0000018749        0.0000143763
       -0.0001248049        0.0003219250       -0.0000831212
       -0.0001248062        0.0003219276        0.0000831275
        0.0000061687       -0.0000016974        0.0000052864
        0.0000061700       -0.0000016937       -0.0000052799
        0.0001390875        0.0009747550        0.0005912913
        0.0001390912        0.0009747538       -0.0005910675
       -0.0000086249        0.0000018288       -0.0000048012
       -0.0000086224        0.0000018300        0.0000048063
       -0.0022231099        0.0016615363        0.0003307526
       -0.0022231050        0.0016615363       -0.0003294274
       -0.0000051663       -0.0000438800       -0.0000000062
       -0.1543837250        0.2527556799       -0.0000397824
       -0.0000000037       -0.0000000149       -0.0000120274
       -0.0000000399       -0.0000000411        0.0006096826
        0.0000000001       -0.0000000011        0.0000058463
       -0.0000000361       -0.0000002198        0.0002270114
        0.0000000038        0.0000000001       -0.0000060261
       -0.0000001661       -0.0000010498       -0.0013666411
        0.0000000051        0.0000000014        0.0000011138
       -0.0000248450       -0.0000439849       -0.0439174899
        0.0000037813        0.0000033464        0.0000038363
       -0.0000037873       -0.0000033474        0.0000038414
        0.0000427001        0.0000795739       -0.0000168099
       -0.0000427011       -0.0000795762       -0.0000168099
       -0.0000012599       -0.0000010812       -0.0000023361
        0.0000012626        0.0000010814       -0.0000023336
       -0.0003400136        0.0002774014        0.0002530701
        0.0003399914       -0.0002774111        0.0002530714
       -0.0000005762        0.0000001926        0.0000002851
        0.0000005775       -0.0000001962        0.0000002851
       -0.0003887386        0.0002164863       -0.0000341323
        0.0003887214       -0.0002163449       -0.0000341362
       -0.0000000436       -0.0000000474       -0.0000003111
        0.0000000414        0.0000000451       -0.0000003024
        0.0161037952       -0.0224816873        0.0007365414
       -0.0161042036        0.0224803027        0.0007365438
        0.0000000013        0.0000000063       -0.0000000799
       -0.0000201787       -0.0000397824        0.0425782048
